alert_id,customer_id,alert_type,rule_id,rule_name,severity,score_impact,summary,trigger_details,supporting_transaction_ids,status,investigation_notes
ALT-VOL-CUST-00004,CUST-00004,AML,TM-03,Turnover Profile Deviation (Moderate),MEDIUM,45.0,"Actual monthly turnover ($16,879.63/mo) exceeds declared profile ($5,000.00/mo) by 3.4x.","{""declared_monthly_usd"": 5000.0, ""actual_monthly_usd"": 16879.63, ""deviation_ratio"": 3.38}","[""TXN-0100224"", ""TXN-0100283"", ""TXN-0100284""]",OPEN,
FR-ALT-CARD-TXN-0100285,CUST-00004,FRAUD,FR-02,Card Testing / Micro-Authorization Probing Attack,HIGH,88.0,"Detected 2 micro-authorization card probes (avg $1.17) immediately followed within 60 mins by $4,610.79 high-dollar CNP purchase attempt at 'Luxe High-End Electronics Direct' (Status: DECLINED_SUSPECTED_FRAUD).","{""micro_probes_count"": 2, ""probe_amounts"": [0.89, 1.45], ""drain_amount_usd"": 4610.79, ""drain_auth_status"": ""DECLINED_SUSPECTED_FRAUD"", ""drain_counterparty"": ""Luxe High-End Electronics Direct""}","[""TXN-0100285"", ""TXN-0100286"", ""TXN-0100287""]",OPEN,
ALT-VOL-CUST-00006,CUST-00006,AML,TM-03,Turnover Profile Deviation (Moderate),MEDIUM,45.0,"Actual monthly turnover ($42,312.00/mo) exceeds declared profile ($13,000.00/mo) by 3.3x.","{""declared_monthly_usd"": 13000.0, ""actual_monthly_usd"": 42312.0, ""deviation_ratio"": 3.25}","[""TXN-0100425"", ""TXN-0100371"", ""TXN-0100426""]",OPEN,
FR-ALT-SYNTH-CUST-00009,CUST-00009,FRAUD,FR-05,Synthetic Identity & Burner Contact Screening,CRITICAL,85.0,Applicant registered with disposable email domain (ashley80@throwawayinbox.com) and virtual VoIP number (+1-555-300-1828). Synthetic identity algorithm index: 91.6/100.,"{""synthetic_identity_score"": 91.6, ""email_domain_type"": ""DISPOSABLE_TEMP"", ""phone_line_type"": ""VOIP_VIRTUAL"", ""indicators"": [""Disposable temporary burner email domain (throwawayinbox.com)"", ""Virtual VoIP PBX phone number with no carrier subscriber record"", ""Synthetic Identity algorithm: SSN issue date conflicts with applicant birth year"", ""High velocity credit profile creation detected across regional bureau consortium""]}",[],OPEN,
ALT-STRUC-CUST-00015-1,CUST-00015,AML,TM-01,Currency Transaction Reporting (CTR) Structuring / Smurfing,CRITICAL,85.0,"Detected 5 inbound deposits totaling $46,532.33 in the $7,500-$9,999 band within 14 days. Pattern indicative of intentional threshold evasion.","{""count"": 5, ""total_amount_usd"": 46532.33, ""time_span_days"": 14, ""amounts"": [9473.94, 8526.23, 9256.93, 9771.08, 9504.15]}","[""TXN-0101011"", ""TXN-0101012"", ""TXN-0101013"", ""TXN-0101014"", ""TXN-0101015""]",OPEN,
ALT-VOL-CUST-00015,CUST-00015,AML,TM-03,Turnover Profile Deviation (Moderate),MEDIUM,45.0,"Actual monthly turnover ($36,714.83/mo) exceeds declared profile ($8,100.00/mo) by 4.5x.","{""declared_monthly_usd"": 8100.0, ""actual_monthly_usd"": 36714.83, ""deviation_ratio"": 4.53}","[""TXN-0101010"", ""TXN-0100961"", ""TXN-0100962""]",OPEN,
ALT-VOL-CUST-00016,CUST-00016,AML,TM-03,Turnover Profile Deviation (Moderate),MEDIUM,45.0,"Actual monthly turnover ($39,468.22/mo) exceeds declared profile ($14,400.00/mo) by 2.7x.","{""declared_monthly_usd"": 14400.0, ""actual_monthly_usd"": 39468.22, ""deviation_ratio"": 2.74}","[""TXN-0101026"", ""TXN-0101076"", ""TXN-0101077""]",OPEN,
ALT-VOL-CUST-00018,CUST-00018,AML,TM-03,Turnover Profile Deviation (Moderate),MEDIUM,45.0,"Actual monthly turnover ($14,182.02/mo) exceeds declared profile ($3,700.00/mo) by 3.8x.","{""declared_monthly_usd"": 3700.0, ""actual_monthly_usd"": 14182.02, ""deviation_ratio"": 3.83}","[""TXN-0101206"", ""TXN-0101156"", ""TXN-0101208""]",OPEN,
ALT-MULE-TXN-0101260,CUST-00019,AML,TM-02,Rapid Movement of Funds / Pass-Through Account (Money Mule),CRITICAL,80.0,"Inbound credit of $40,374.56 from 'Apex Global Consulting FZE' immediately dissipated (93.0%) within 48 hours via 1 outbound transfer(s).","{""inflow_id"": ""TXN-0101260"", ""inflow_amount_usd"": 40374.56, ""outflow_total_usd"": 37536.29, ""drain_percentage"": 93.0, ""counterparties"": [""Binance P2P / Virtual Asset Ramp""]}","[""TXN-0101260"", ""TXN-0101261""]",OPEN,
ALT-SPIKE-TXN-0101260,CUST-00019,AML,TM-04,Single Transaction Anomaly / Profile Outlier,HIGH,60.0,"Transaction TXN-0101260 of $40,374.56 is 134.6x larger than declared maximum single transaction ($300.00).","{""transaction_id"": ""TXN-0101260"", ""amount_usd"": 40374.56, ""declared_max_single_tx_usd"": 300.0, ""multiplier"": 134.58, ""counterparty"": ""Apex Global Consulting FZE""}","[""TXN-0101260"", ""TXN-0101261""]",OPEN,
ALT-CORR-SEC-CUST-00019,CUST-00019,AML,TM-05C,Offshore Secrecy & Tax Haven Financial Corridor,MEDIUM,60.0,"Identified 1 transaction(s) totaling $37,536.29 involving offshore financial centers (SC).","{""count"": 1, ""total_usd"": 37536.29, ""jurisdictions"": [""SC""]}","[""TXN-0101261""]",OPEN,
ALT-STRUC-CUST-00021-1,CUST-00021,AML,TM-01,Currency Transaction Reporting (CTR) Structuring / Smurfing,CRITICAL,85.0,"Detected 5 inbound deposits totaling $46,362.33 in the $7,500-$9,999 band within 14 days. Pattern indicative of intentional threshold evasion.","{""count"": 5, ""total_amount_usd"": 46362.33, ""time_span_days"": 14, ""amounts"": [9600.17, 9231.25, 8922.28, 9630.8, 8977.83]}","[""TXN-0101400"", ""TXN-0101401"", ""TXN-0101402"", ""TXN-0101403"", ""TXN-0101404""]",OPEN,
ALT-VOL-CUST-00022,CUST-00022,AML,TM-03,Turnover Profile Deviation (Moderate),MEDIUM,45.0,"Actual monthly turnover ($12,750.03/mo) exceeds declared profile ($2,600.00/mo) by 4.9x.","{""declared_monthly_usd"": 2600.0, ""actual_monthly_usd"": 12750.03, ""deviation_ratio"": 4.9}","[""TXN-0101413"", ""TXN-0101414"", ""TXN-0101415""]",OPEN,
FR-ALT-CARD-TXN-0101687,CUST-00025,FRAUD,FR-02,Card Testing / Micro-Authorization Probing Attack,HIGH,88.0,"Detected 2 micro-authorization card probes (avg $1.17) immediately followed within 60 mins by $4,718.13 high-dollar CNP purchase attempt at 'Luxe High-End Electronics Direct' (Status: DECLINED_SUSPECTED_FRAUD).","{""micro_probes_count"": 2, ""probe_amounts"": [0.89, 1.45], ""drain_amount_usd"": 4718.13, ""drain_auth_status"": ""DECLINED_SUSPECTED_FRAUD"", ""drain_counterparty"": ""Luxe High-End Electronics Direct""}","[""TXN-0101687"", ""TXN-0101688"", ""TXN-0101689""]",OPEN,
ALT-VOL-CUST-00033,CUST-00033,AML,TM-03,Turnover Profile Deviation (Moderate),MEDIUM,45.0,"Actual monthly turnover ($97,682.43/mo) exceeds declared profile ($34,000.00/mo) by 2.9x.","{""declared_monthly_usd"": 34000.0, ""actual_monthly_usd"": 97682.43, ""deviation_ratio"": 2.87}","[""TXN-0102240"", ""TXN-0102242"", ""TXN-0102185""]",OPEN,
ALT-SPIKE-TXN-0102377,CUST-00036,AML,TM-04,Single Transaction Anomaly / Profile Outlier,MEDIUM,40.0,"Transaction TXN-0102377 of $3,805.19 is 5.4x larger than declared maximum single transaction ($700.00).","{""transaction_id"": ""TXN-0102377"", ""amount_usd"": 3805.19, ""declared_max_single_tx_usd"": 700.0, ""multiplier"": 5.44, ""counterparty"": ""State Pension Disbursing Agency""}","[""TXN-0102373"", ""TXN-0102375"", ""TXN-0102377"", ""TXN-0102379"", ""TXN-0102381"", ""TXN-0102383""]",OPEN,
ALT-VOL-CUST-00037,CUST-00037,AML,TM-03,Turnover Profile Deviation (Moderate),MEDIUM,45.0,"Actual monthly turnover ($14,020.19/mo) exceeds declared profile ($3,000.00/mo) by 4.7x.","{""declared_monthly_usd"": 3000.0, ""actual_monthly_usd"": 14020.19, ""deviation_ratio"": 4.67}","[""TXN-0102519"", ""TXN-0102462"", ""TXN-0102463""]",OPEN,
ALT-VOL-CUST-00038,CUST-00038,AML,TM-03,Turnover Profile Deviation (Moderate),MEDIUM,45.0,"Actual monthly turnover ($43,190.08/mo) exceeds declared profile ($8,700.00/mo) by 5.0x.","{""declared_monthly_usd"": 8700.0, ""actual_monthly_usd"": 43190.08, ""deviation_ratio"": 4.96}","[""TXN-0102571"", ""TXN-0102573"", ""TXN-0102572""]",OPEN,
ALT-VOL-CUST-00040,CUST-00040,AML,TM-03,Turnover Profile Deviation (Moderate),MEDIUM,45.0,"Actual monthly turnover ($18,427.44/mo) exceeds declared profile ($5,300.00/mo) by 3.5x.","{""declared_monthly_usd"": 5300.0, ""actual_monthly_usd"": 18427.44, ""deviation_ratio"": 3.48}","[""TXN-0102639"", ""TXN-0102697"", ""TXN-0102640""]",OPEN,
ALT-MULE-TXN-0102763,CUST-00041,AML,TM-02,Rapid Movement of Funds / Pass-Through Account (Money Mule),CRITICAL,80.0,"Inbound credit of $40,898.05 from 'Apex Global Consulting FZE' immediately dissipated (91.1%) within 48 hours via 1 outbound transfer(s).","{""inflow_id"": ""TXN-0102763"", ""inflow_amount_usd"": 40898.05, ""outflow_total_usd"": 37243.11, ""drain_percentage"": 91.1, ""counterparties"": [""Binance P2P / Virtual Asset Ramp""]}","[""TXN-0102763"", ""TXN-0102764""]",OPEN,
ALT-VOL-CUST-00041,CUST-00041,AML,TM-03,Turnover Profile Deviation / Unexpected Volume Spike,CRITICAL,80.0,"Actual monthly turnover ($31,298.42/mo) is 24.1x higher than declared expected turnover ($1,300.00/mo) across a 88-day monitoring window.","{""declared_monthly_usd"": 1300.0, ""actual_monthly_usd"": 31298.42, ""deviation_ratio"": 24.08, ""total_analyzed_volume_usd"": 91808.71}","[""TXN-0102763"", ""TXN-0102764"", ""TXN-0102706"", ""TXN-0102707"", ""TXN-0102708""]",OPEN,
ALT-SPIKE-TXN-0102763,CUST-00041,AML,TM-04,Single Transaction Anomaly / Profile Outlier,HIGH,60.0,"Transaction TXN-0102763 of $40,898.05 is 68.2x larger than declared maximum single transaction ($600.00).","{""transaction_id"": ""TXN-0102763"", ""amount_usd"": 40898.05, ""declared_max_single_tx_usd"": 600.0, ""multiplier"": 68.16, ""counterparty"": ""Apex Global Consulting FZE""}","[""TXN-0102763"", ""TXN-0102764""]",OPEN,
FR-ALT-CARD-TXN-0102832,CUST-00042,FRAUD,FR-02,Card Testing / Micro-Authorization Probing Attack,HIGH,88.0,"Detected 2 micro-authorization card probes (avg $1.17) immediately followed within 60 mins by $3,920.20 high-dollar CNP purchase attempt at 'Luxe High-End Electronics Direct' (Status: DECLINED_SUSPECTED_FRAUD).","{""micro_probes_count"": 2, ""probe_amounts"": [0.89, 1.45], ""drain_amount_usd"": 3920.2, ""drain_auth_status"": ""DECLINED_SUSPECTED_FRAUD"", ""drain_counterparty"": ""Luxe High-End Electronics Direct""}","[""TXN-0102832"", ""TXN-0102833"", ""TXN-0102834""]",OPEN,
FR-ALT-SCAM-CUST-00043,CUST-00043,FRAUD,FR-03,Authorized Push Payment (APP) / Investment & Impersonation Scam,HIGH,85.0,"Customer initiated 2 rapid transfers totaling $16,300.00 to brand new unverified payees (Global Alpha Arbitrage Pool Ltd, VIP Capital Liquidators Escrow) with high-risk investment/scam narratives. Strong indicator of customer manipulation/coercion.","{""count"": 2, ""total_scam_usd"": 16300.0, ""counterparties"": [""Global Alpha Arbitrage Pool Ltd"", ""VIP Capital Liquidators Escrow""], ""narratives"": [""Urgent guaranteed return investment enrollment ref #9981"", ""Top-up balance to release guaranteed trade profits""]}","[""TXN-0102875"", ""TXN-0102876""]",OPEN,
ALT-VOL-CUST-00044,CUST-00044,AML,TM-03,Turnover Profile Deviation / Unexpected Volume Spike,HIGH,65.0,"Actual monthly turnover ($23,036.26/mo) is 5.4x higher than declared expected turnover ($4,300.00/mo) across a 87-day monitoring window.","{""declared_monthly_usd"": 4300.0, ""actual_monthly_usd"": 23036.26, ""deviation_ratio"": 5.36, ""total_analyzed_volume_usd"": 66805.14}","[""TXN-0102944"", ""TXN-0102886"", ""TXN-0102945"", ""TXN-0102946"", ""TXN-0102887""]",OPEN,
FR-ALT-SCAM-CUST-00044,CUST-00044,FRAUD,FR-03,Authorized Push Payment (APP) / Investment & Impersonation Scam,HIGH,85.0,"Customer initiated 2 rapid transfers totaling $16,300.00 to brand new unverified payees (Global Alpha Arbitrage Pool Ltd, VIP Capital Liquidators Escrow) with high-risk investment/scam narratives. Strong indicator of customer manipulation/coercion.","{""count"": 2, ""total_scam_usd"": 16300.0, ""counterparties"": [""Global Alpha Arbitrage Pool Ltd"", ""VIP Capital Liquidators Escrow""], ""narratives"": [""Urgent guaranteed return investment enrollment ref #9981"", ""Top-up balance to release guaranteed trade profits""]}","[""TXN-0102947"", ""TXN-0102948""]",OPEN,
ALT-CORR-SEC-CUST-00045,CUST-00045,AML,TM-05C,Offshore Secrecy & Tax Haven Financial Corridor,MEDIUM,60.0,"Identified 1 transaction(s) totaling $11,728.78 involving offshore financial centers (SC).","{""count"": 1, ""total_usd"": 11728.78, ""jurisdictions"": [""SC""]}","[""TXN-0103005""]",OPEN,
FR-ALT-ATO-TXN-0103005,CUST-00045,FRAUD,FR-01,Account Takeover (ATO) & Impossible Travel Anomaly,CRITICAL,92.0,"Outbound transfer of $11,728.78 executed from anomalous device 'DEV-UNKNOWN-ATTACKER-99X' and foreign IP 185.112.93.203 (NG) shortly after session in GB. Pattern indicates compromised online banking credentials.","{""draining_transaction_id"": ""TXN-0103005"", ""amount_usd"": 11728.78, ""hostile_device_id"": ""DEV-UNKNOWN-ATTACKER-99X"", ""hostile_ip"": ""185.112.93.203"", ""hostile_ip_country"": ""NG"", ""registered_home_country"": ""GB"", ""registered_device"": ""DEV-390743"", ""counterparty"": ""FastPay Global Clearing Ltd""}","[""TXN-0103005"", ""TXN-0103004""]",INVESTIGATED,"# FINANCIAL CRIME & FRAML INVESTIGATION DOSSIER
**CONFIDENTIAL // REGULATORY & COMPLIANCE INTERNAL WORKING PAPER**

---

### 1. Case Overview
* **Case Identifier:** CASE-CUST-00045
* **Subject Under Review:** Johnny Wilson (ID: `CUST-00045`) | Archetype: `ACCOUNT_TAKEOVER_VICTIM`
* **Jurisdiction:** Citizenship: GB | Residence: GB | Tax: GB
* **Investigation Trigger / Rationale:** Triggered by [CRITICAL] FR-01: Account Takeover (ATO) & Impossible Travel Anomaly - Outbound transfer of $11,728.78 "
ALT-VOL-CUST-00050,CUST-00050,AML,TM-03,Turnover Profile Deviation (Moderate),MEDIUM,45.0,"Actual monthly turnover ($19,977.31/mo) exceeds declared profile ($6,900.00/mo) by 2.9x.","{""declared_monthly_usd"": 6900.0, ""actual_monthly_usd"": 19977.31, ""deviation_ratio"": 2.9}","[""TXN-0103292"", ""TXN-0103355"", ""TXN-0103293""]",OPEN,
ALT-VOL-CUST-00056,CUST-00056,AML,TM-03,Turnover Profile Deviation (Moderate),MEDIUM,45.0,"Actual monthly turnover ($11,558.52/mo) exceeds declared profile ($2,500.00/mo) by 4.6x.","{""declared_monthly_usd"": 2500.0, ""actual_monthly_usd"": 11558.52, ""deviation_ratio"": 4.62}","[""TXN-0103739"", ""TXN-0103693"", ""TXN-0103741""]",OPEN,
ALT-VOL-CUST-00057,CUST-00057,AML,TM-03,Turnover Profile Deviation (Moderate),MEDIUM,45.0,"Actual monthly turnover ($35,603.33/mo) exceeds declared profile ($14,200.00/mo) by 2.5x.","{""declared_monthly_usd"": 14200.0, ""actual_monthly_usd"": 35603.33, ""deviation_ratio"": 2.51}","[""TXN-0103752"", ""TXN-0103824"", ""TXN-0103825""]",OPEN,
ALT-MULE-TXN-0103895,CUST-00058,AML,TM-02,Rapid Movement of Funds / Pass-Through Account (Money Mule),CRITICAL,80.0,"Inbound credit of $39,495.53 from 'Apex Global Consulting FZE' immediately dissipated (93.0%) within 48 hours via 1 outbound transfer(s).","{""inflow_id"": ""TXN-0103895"", ""inflow_amount_usd"": 39495.53, ""outflow_total_usd"": 36733.17, ""drain_percentage"": 93.0, ""counterparties"": [""Binance P2P / Virtual Asset Ramp""]}","[""TXN-0103895"", ""TXN-0103896""]",OPEN,
ALT-SPIKE-TXN-0103895,CUST-00058,AML,TM-04,Single Transaction Anomaly / Profile Outlier,HIGH,60.0,"Transaction TXN-0103895 of $39,495.53 is 79.0x larger than declared maximum single transaction ($500.00).","{""transaction_id"": ""TXN-0103895"", ""amount_usd"": 39495.53, ""declared_max_single_tx_usd"": 500.0, ""multiplier"": 78.99, ""counterparty"": ""Apex Global Consulting FZE""}","[""TXN-0103895"", ""TXN-0103896""]",OPEN,
ALT-SPIKE-TXN-0103899,CUST-00059,AML,TM-04,Single Transaction Anomaly / Profile Outlier,MEDIUM,40.0,"Transaction TXN-0103899 of $4,412.17 is 4.9x larger than declared maximum single transaction ($900.00).","{""transaction_id"": ""TXN-0103899"", ""amount_usd"": 4412.17, ""declared_max_single_tx_usd"": 900.0, ""multiplier"": 4.9, ""counterparty"": ""State Pension Disbursing Agency""}","[""TXN-0103897"", ""TXN-0103899"", ""TXN-0103901"", ""TXN-0103903"", ""TXN-0103905"", ""TXN-0103907""]",OPEN,
ALT-VOL-CUST-00062,CUST-00062,AML,TM-03,Turnover Profile Deviation (Moderate),MEDIUM,45.0,"Actual monthly turnover ($28,917.74/mo) exceeds declared profile ($9,100.00/mo) by 3.2x.","{""declared_monthly_usd"": 9100.0, ""actual_monthly_usd"": 28917.74, ""deviation_ratio"": 3.18}","[""TXN-0104120"", ""TXN-0104168"", ""TXN-0104167""]",OPEN,
ALT-VOL-CUST-00063,CUST-00063,AML,TM-03,Turnover Profile Deviation (Moderate),MEDIUM,45.0,"Actual monthly turnover ($14,877.91/mo) exceeds declared profile ($5,200.00/mo) by 2.9x.","{""declared_monthly_usd"": 5200.0, ""actual_monthly_usd"": 14877.91, ""deviation_ratio"": 2.86}","[""TXN-0104178"", ""TXN-0104235"", ""TXN-0104179""]",OPEN,
FR-ALT-CARD-TXN-0104444,CUST-00066,FRAUD,FR-02,Card Testing / Micro-Authorization Probing Attack,HIGH,88.0,"Detected 2 micro-authorization card probes (avg $1.17) immediately followed within 60 mins by $3,600.27 high-dollar CNP purchase attempt at 'Luxe High-End Electronics Direct' (Status: DECLINED_SUSPECTED_FRAUD).","{""micro_probes_count"": 2, ""probe_amounts"": [0.89, 1.45], ""drain_amount_usd"": 3600.27, ""drain_auth_status"": ""DECLINED_SUSPECTED_FRAUD"", ""drain_counterparty"": ""Luxe High-End Electronics Direct""}","[""TXN-0104444"", ""TXN-0104445"", ""TXN-0104446""]",OPEN,
ALT-MULE-TXN-0104654,CUST-00069,AML,TM-02,Rapid Movement of Funds / Pass-Through Account (Money Mule),CRITICAL,80.0,"Inbound credit of $35,764.21 from 'Apex Global Consulting FZE' immediately dissipated (95.8%) within 48 hours via 1 outbound transfer(s).","{""inflow_id"": ""TXN-0104654"", ""inflow_amount_usd"": 35764.21, ""outflow_total_usd"": 34246.57, ""drain_percentage"": 95.8, ""counterparties"": [""Binance P2P / Virtual Asset Ramp""]}","[""TXN-0104654"", ""TXN-0104655""]",OPEN,
ALT-SPIKE-TXN-0104654,CUST-00069,AML,TM-04,Single Transaction Anomaly / Profile Outlier,HIGH,60.0,"Transaction TXN-0104654 of $35,764.21 is 71.5x larger than declared maximum single transaction ($500.00).","{""transaction_id"": ""TXN-0104654"", ""amount_usd"": 35764.21, ""declared_max_single_tx_usd"": 500.0, ""multiplier"": 71.53, ""counterparty"": ""Apex Global Consulting FZE""}","[""TXN-0104654"", ""TXN-0104655""]",OPEN,
ALT-CORR-SEC-CUST-00069,CUST-00069,AML,TM-05C,Offshore Secrecy & Tax Haven Financial Corridor,MEDIUM,60.0,"Identified 1 transaction(s) totaling $34,246.57 involving offshore financial centers (SC).","{""count"": 1, ""total_usd"": 34246.57, ""jurisdictions"": [""SC""]}","[""TXN-0104655""]",OPEN,
FR-ALT-SYNTH-CUST-00075,CUST-00075,FRAUD,FR-05,Synthetic Identity & Burner Contact Screening,CRITICAL,85.0,Applicant registered with disposable email domain (matthew76@throwawayinbox.com) and virtual VoIP number (+1-555-667-3440). Synthetic identity algorithm index: 83.1/100.,"{""synthetic_identity_score"": 83.1, ""email_domain_type"": ""DISPOSABLE_TEMP"", ""phone_line_type"": ""VOIP_VIRTUAL"", ""indicators"": [""Disposable temporary burner email domain (throwawayinbox.com)"", ""Virtual VoIP PBX phone number with no carrier subscriber record"", ""Synthetic Identity algorithm: SSN issue date conflicts with applicant birth year"", ""High velocity credit profile creation detected across regional bureau consortium""]}",[],OPEN,
ALT-VOL-CUST-00076,CUST-00076,AML,TM-03,Turnover Profile Deviation (Moderate),MEDIUM,45.0,"Actual monthly turnover ($15,009.17/mo) exceeds declared profile ($4,200.00/mo) by 3.6x.","{""declared_monthly_usd"": 4200.0, ""actual_monthly_usd"": 15009.17, ""deviation_ratio"": 3.57}","[""TXN-0105033"", ""TXN-0105083"", ""TXN-0105084""]",OPEN,
ALT-VOL-CUST-00080,CUST-00080,AML,TM-03,Turnover Profile Deviation / Unexpected Volume Spike,HIGH,65.0,"Actual monthly turnover ($15,311.60/mo) is 7.0x higher than declared expected turnover ($2,200.00/mo) across a 88-day monitoring window.","{""declared_monthly_usd"": 2200.0, ""actual_monthly_usd"": 15311.6, ""deviation_ratio"": 6.96, ""total_analyzed_volume_usd"": 44914.02}","[""TXN-0105300"", ""TXN-0105352"", ""TXN-0105353"", ""TXN-0105301"", ""TXN-0105354""]",OPEN,
ALT-SPIKE-TXN-0105356,CUST-00080,AML,TM-04,Single Transaction Anomaly / Profile Outlier,HIGH,60.0,"Transaction TXN-0105356 of $9,800.00 is 10.9x larger than declared maximum single transaction ($900.00).","{""transaction_id"": ""TXN-0105356"", ""amount_usd"": 9800.0, ""declared_max_single_tx_usd"": 900.0, ""multiplier"": 10.89, ""counterparty"": ""VIP Capital Liquidators Escrow""}","[""TXN-0105355"", ""TXN-0105356""]",OPEN,
FR-ALT-SCAM-CUST-00080,CUST-00080,FRAUD,FR-03,Authorized Push Payment (APP) / Investment & Impersonation Scam,HIGH,85.0,"Customer initiated 2 rapid transfers totaling $16,300.00 to brand new unverified payees (Global Alpha Arbitrage Pool Ltd, VIP Capital Liquidators Escrow) with high-risk investment/scam narratives. Strong indicator of customer manipulation/coercion.","{""count"": 2, ""total_scam_usd"": 16300.0, ""counterparties"": [""Global Alpha Arbitrage Pool Ltd"", ""VIP Capital Liquidators Escrow""], ""narratives"": [""Urgent guaranteed return investment enrollment ref #9981"", ""Top-up balance to release guaranteed trade profits""]}","[""TXN-0105355"", ""TXN-0105356""]",OPEN,
ALT-VOL-CUST-00081,CUST-00081,AML,TM-03,Turnover Profile Deviation (Moderate),MEDIUM,45.0,"Actual monthly turnover ($18,419.34/mo) exceeds declared profile ($7,100.00/mo) by 2.6x.","{""declared_monthly_usd"": 7100.0, ""actual_monthly_usd"": 18419.34, ""deviation_ratio"": 2.59}","[""TXN-0105428"", ""TXN-0105429"", ""TXN-0105367""]",OPEN,
FR-ALT-SYNTH-CUST-00082,CUST-00082,FRAUD,FR-05,Synthetic Identity & Burner Contact Screening,CRITICAL,85.0,Applicant registered with disposable email domain (john34@throwawayinbox.com) and virtual VoIP number (+1-555-379-7643). Synthetic identity algorithm index: 88.7/100.,"{""synthetic_identity_score"": 88.7, ""email_domain_type"": ""DISPOSABLE_TEMP"", ""phone_line_type"": ""VOIP_VIRTUAL"", ""indicators"": [""Disposable temporary burner email domain (throwawayinbox.com)"", ""Virtual VoIP PBX phone number with no carrier subscriber record"", ""Synthetic Identity algorithm: SSN issue date conflicts with applicant birth year"", ""High velocity credit profile creation detected across regional bureau consortium""]}",[],OPEN,
ALT-SPIKE-TXN-0105761,CUST-00087,AML,TM-04,Single Transaction Anomaly / Profile Outlier,MEDIUM,40.0,"Transaction TXN-0105761 of $12,534.03 is 5.7x larger than declared maximum single transaction ($2,200.00).","{""transaction_id"": ""TXN-0105761"", ""amount_usd"": 12534.03, ""declared_max_single_tx_usd"": 2200.0, ""multiplier"": 5.7, ""counterparty"": ""Johnson-Jones Ltd""}","[""TXN-0105751"", ""TXN-0105753"", ""TXN-0105755"", ""TXN-0105757"", ""TXN-0105759"", ""TXN-0105761""]",OPEN,
ALT-STRUC-CUST-00088-1,CUST-00088,AML,TM-01,Currency Transaction Reporting (CTR) Structuring / Smurfing,CRITICAL,85.0,"Detected 5 inbound deposits totaling $46,895.76 in the $7,500-$9,999 band within 14 days. Pattern indicative of intentional threshold evasion.","{""count"": 5, ""total_amount_usd"": 46895.759999999995, ""time_span_days"": 14, ""amounts"": [9743.39, 8547.47, 9469.64, 9875.51, 9259.75]}","[""TXN-0105856"", ""TXN-0105857"", ""TXN-0105858"", ""TXN-0105859"", ""TXN-0105860""]",OPEN,
ALT-SPIKE-TXN-0105859,CUST-00088,AML,TM-04,Single Transaction Anomaly / Profile Outlier,MEDIUM,40.0,"Transaction TXN-0105859 of $9,875.51 is 5.8x larger than declared maximum single transaction ($1,700.00).","{""transaction_id"": ""TXN-0105859"", ""amount_usd"": 9875.51, ""declared_max_single_tx_usd"": 1700.0, ""multiplier"": 5.81, ""counterparty"": ""Branch Teller #104 - Cash Counter""}","[""TXN-0105856"", ""TXN-0105857"", ""TXN-0105858"", ""TXN-0105859"", ""TXN-0105860""]",OPEN,
ALT-VOL-CUST-00090,CUST-00090,AML,TM-03,Turnover Profile Deviation / Unexpected Volume Spike,HIGH,65.0,"Actual monthly turnover ($17,776.91/mo) is 5.2x higher than declared expected turnover ($3,400.00/mo) across a 90-day monitoring window.","{""declared_monthly_usd"": 3400.0, ""actual_monthly_usd"": 17776.91, ""deviation_ratio"": 5.23, ""total_analyzed_volume_usd"": 53330.72}","[""TXN-0105935"", ""TXN-0105987"", ""TXN-0105936"", ""TXN-0105988"", ""TXN-0105989""]",OPEN,
ALT-SPIKE-TXN-0105926,CUST-00090,AML,TM-04,Single Transaction Anomaly / Profile Outlier,MEDIUM,40.0,"Transaction TXN-0105926 of $6,380.71 is 4.6x larger than declared maximum single transaction ($1,400.00).","{""transaction_id"": ""TXN-0105926"", ""amount_usd"": 6380.71, ""declared_max_single_tx_usd"": 1400.0, ""multiplier"": 4.56, ""counterparty"": ""State Pension Disbursing Agency""}","[""TXN-0105926"", ""TXN-0105928"", ""TXN-0105930"", ""TXN-0105932"", ""TXN-0105934"", ""TXN-0105936""]",OPEN,
ALT-VOL-CUST-00093,CUST-00093,AML,TM-03,Turnover Profile Deviation (Moderate),MEDIUM,45.0,"Actual monthly turnover ($102,530.38/mo) exceeds declared profile ($35,700.00/mo) by 2.9x.","{""declared_monthly_usd"": 35700.0, ""actual_monthly_usd"": 102530.38, ""deviation_ratio"": 2.87}","[""TXN-0106169"", ""TXN-0106171"", ""TXN-0106170""]",OPEN,
ALT-SPIKE-TXN-0106297,CUST-00095,AML,TM-04,Single Transaction Anomaly / Profile Outlier,MEDIUM,40.0,"Transaction TXN-0106297 of $9,800.00 is 4.1x larger than declared maximum single transaction ($2,400.00).","{""transaction_id"": ""TXN-0106297"", ""amount_usd"": 9800.0, ""declared_max_single_tx_usd"": 2400.0, ""multiplier"": 4.08, ""counterparty"": ""VIP Capital Liquidators Escrow""}","[""TXN-0106297""]",OPEN,
FR-ALT-SCAM-CUST-00095,CUST-00095,FRAUD,FR-03,Authorized Push Payment (APP) / Investment & Impersonation Scam,HIGH,85.0,"Customer initiated 2 rapid transfers totaling $16,300.00 to brand new unverified payees (Global Alpha Arbitrage Pool Ltd, VIP Capital Liquidators Escrow) with high-risk investment/scam narratives. Strong indicator of customer manipulation/coercion.","{""count"": 2, ""total_scam_usd"": 16300.0, ""counterparties"": [""Global Alpha Arbitrage Pool Ltd"", ""VIP Capital Liquidators Escrow""], ""narratives"": [""Urgent guaranteed return investment enrollment ref #9981"", ""Top-up balance to release guaranteed trade profits""]}","[""TXN-0106296"", ""TXN-0106297""]",OPEN,
ALT-VOL-CUST-00096,CUST-00096,AML,TM-03,Turnover Profile Deviation (Moderate),MEDIUM,45.0,"Actual monthly turnover ($51,277.99/mo) exceeds declared profile ($14,900.00/mo) by 3.4x.","{""declared_monthly_usd"": 14900.0, ""actual_monthly_usd"": 51277.99, ""deviation_ratio"": 3.44}","[""TXN-0106371"", ""TXN-0106307"", ""TXN-0106308""]",OPEN,
ALT-VOL-CUST-00099,CUST-00099,AML,TM-03,Turnover Profile Deviation / Unexpected Volume Spike,HIGH,65.0,"Actual monthly turnover ($21,772.68/mo) is 5.9x higher than declared expected turnover ($3,700.00/mo) across a 89-day monitoring window.","{""declared_monthly_usd"": 3700.0, ""actual_monthly_usd"": 21772.68, ""deviation_ratio"": 5.88, ""total_analyzed_volume_usd"": 64592.27}","[""TXN-0106559"", ""TXN-0106517"", ""TXN-0106518"", ""TXN-0106561"", ""TXN-0106560""]",OPEN,
ALT-SPIKE-TXN-0106563,CUST-00099,AML,TM-04,Single Transaction Anomaly / Profile Outlier,HIGH,60.0,"Transaction TXN-0106563 of $9,800.00 is 8.2x larger than declared maximum single transaction ($1,200.00).","{""transaction_id"": ""TXN-0106563"", ""amount_usd"": 9800.0, ""declared_max_single_tx_usd"": 1200.0, ""multiplier"": 8.17, ""counterparty"": ""VIP Capital Liquidators Escrow""}","[""TXN-0106508"", ""TXN-0106510"", ""TXN-0106512"", ""TXN-0106514"", ""TXN-0106562"", ""TXN-0106563"", ""TXN-0106516"", ""TXN-0106518""]",OPEN,
FR-ALT-SCAM-CUST-00099,CUST-00099,FRAUD,FR-03,Authorized Push Payment (APP) / Investment & Impersonation Scam,HIGH,85.0,"Customer initiated 2 rapid transfers totaling $16,300.00 to brand new unverified payees (Global Alpha Arbitrage Pool Ltd, VIP Capital Liquidators Escrow) with high-risk investment/scam narratives. Strong indicator of customer manipulation/coercion.","{""count"": 2, ""total_scam_usd"": 16300.0, ""counterparties"": [""Global Alpha Arbitrage Pool Ltd"", ""VIP Capital Liquidators Escrow""], ""narratives"": [""Urgent guaranteed return investment enrollment ref #9981"", ""Top-up balance to release guaranteed trade profits""]}","[""TXN-0106562"", ""TXN-0106563""]",OPEN,
ALT-STRUC-CUST-00001-1,CUST-00001,AML,TM-01,Currency Transaction Reporting (CTR) Structuring / Smurfing,CRITICAL,85.0,"Detected 5 inbound deposits totaling $48,138.65 in the $7,500-$9,999 band within 14 days. Pattern indicative of intentional threshold evasion.","{""count"": 5, ""total_amount_usd"": 48138.649999999994, ""time_span_days"": 14, ""amounts"": [9222.27, 9476.08, 9927.27, 9859.14, 9653.89]}","[""TXN-0100022"", ""TXN-0100023"", ""TXN-0100024"", ""TXN-0100025"", ""TXN-0100026""]",OPEN,
ALT-VOL-CUST-00001,CUST-00001,AML,TM-03,Turnover Profile Deviation / Unexpected Volume Spike,CRITICAL,80.0,"Actual monthly turnover ($64,530.78/mo) is 10.1x higher than declared expected turnover ($6,400.00/mo) across a 28-day monitoring window.","{""declared_monthly_usd"": 6400.0, ""actual_monthly_usd"": 64530.78, ""deviation_ratio"": 10.08, ""total_analyzed_volume_usd"": 64530.78}","[""TXN-0100018"", ""TXN-0100002"", ""TXN-0100019"", ""TXN-0100020"", ""TXN-0100021""]",OPEN,
ALT-SPIKE-TXN-0100024,CUST-00001,AML,TM-04,Single Transaction Anomaly / Profile Outlier,MEDIUM,40.0,"Transaction TXN-0100024 of $9,927.27 is 5.0x larger than declared maximum single transaction ($2,000.00).","{""transaction_id"": ""TXN-0100024"", ""amount_usd"": 9927.27, ""declared_max_single_tx_usd"": 2000.0, ""multiplier"": 4.96, ""counterparty"": ""Branch Teller #106 - Cash Counter""}","[""TXN-0100022"", ""TXN-0100023"", ""TXN-0100024"", ""TXN-0100025"", ""TXN-0100026""]",OPEN,
ALT-CUCKOO-CUST-00001,CUST-00001,AML,TM-10,Cuckoo Smurfing & Hawala Third-Party Remittance Matching,HIGH,86.0,"Account received 5 unrelated inbound transfers totaling $48,138.65 from 4 distinct third-party remitters without commercial justification. Typology matches alternative remittance smurfing / Hawala integration.","{""deposit_count"": 5, ""total_inbound_usd"": 48138.649999999994, ""remitters"": [""Branch Teller #102 - Cash Counter"", ""Branch Teller #105 - Cash Counter"", ""Branch Teller #106 - Cash Counter"", ""Branch Teller #108 - Cash Counter""]}","[""TXN-0100022"", ""TXN-0100023"", ""TXN-0100024"", ""TXN-0100025"", ""TXN-0100026""]",OPEN,
ALT-MULE-TXN-0100048,CUST-00002,AML,TM-02,Rapid Movement of Funds / Pass-Through Account (Money Mule),CRITICAL,80.0,"Inbound credit of $9,850.00 from 'Apex External Bank Link' immediately dissipated (96.0%) within 48 hours via 5 outbound transfer(s).","{""inflow_id"": ""TXN-0100048"", ""inflow_amount_usd"": 9850.0, ""outflow_total_usd"": 9457.44, ""drain_percentage"": 96.0, ""counterparties"": [""City Power & Water"", ""ATM Cash Out #4401 - Downtown 24h"", ""ATM Cash Out #4402 - Metro Center"", ""QuickCash Peer Transfer Account"", ""Express Liquidity Transfer""]}","[""TXN-0100048"", ""TXN-0100040"", ""TXN-0100049"", ""TXN-0100050"", ""TXN-0100051"", ""TXN-0100052""]",OPEN,
ALT-VOL-CUST-00002,CUST-00002,AML,TM-03,Turnover Profile Deviation / Unexpected Volume Spike,CRITICAL,80.0,"Actual monthly turnover ($25,634.33/mo) is 12.2x higher than declared expected turnover ($2,100.00/mo) across a 29-day monitoring window.","{""declared_monthly_usd"": 2100.0, ""actual_monthly_usd"": 25634.33, ""deviation_ratio"": 12.21, ""total_analyzed_volume_usd"": 25634.33}","[""TXN-0100044"", ""TXN-0100045"", ""TXN-0100046"", ""TXN-0100029"", ""TXN-0100047""]",OPEN,
ALT-SPIKE-TXN-0100048,CUST-00002,AML,TM-04,Single Transaction Anomaly / Profile Outlier,HIGH,60.0,"Transaction TXN-0100048 of $9,850.00 is 10.9x larger than declared maximum single transaction ($900.00).","{""transaction_id"": ""TXN-0100048"", ""amount_usd"": 9850.0, ""declared_max_single_tx_usd"": 900.0, ""multiplier"": 10.94, ""counterparty"": ""Apex External Bank Link""}","[""TXN-0100048"", ""TXN-0100051""]",OPEN,
FR-ALT-BUST-TXN-0100048,CUST-00002,FRAUD,FR-04,First-Party Bust-Out / Deposit Kiting Fraud,CRITICAL,90.0,"Inbound unverified deposit of $9,850.00 immediately drained (94.4%) within 48 hours via 4 rapid ATM/P2P cash extractions prior to fund settlement.","{""deposit_id"": ""TXN-0100048"", ""deposit_usd"": 9850.0, ""total_drain_usd"": 9300.0, ""drain_percentage"": 94.4, ""drains_count"": 4}","[""TXN-0100048"", ""TXN-0100049"", ""TXN-0100050"", ""TXN-0100051"", ""TXN-0100052""]",OPEN,
FR-ALT-OVP-TXN-0100048,CUST-00002,FRAUD,FR-11,Counterfeit Overpayment & Urgent Refund Scam,HIGH,86.0,"Customer received large inbound deposit of $9,850.00 from 'Apex External Bank Link', followed within 72h by urgent 'refund/overpayment' wire(s) totaling $9,300.00 (94.4%) to third-party accounts before clearing confirmation.","{""deposit_id"": ""TXN-0100048"", ""deposit_usd"": 9850.0, ""refund_total_usd"": 9300.0, ""refund_payees"": [""ATM Cash Out #4401 - Downtown 24h"", ""ATM Cash Out #4402 - Metro Center"", ""QuickCash Peer Transfer Account"", ""Express Liquidity Transfer""]}","[""TXN-0100048"", ""TXN-0100049"", ""TXN-0100050"", ""TXN-0100051"", ""TXN-0100052""]",OPEN,
ALT-VOL-CUST-00003,CUST-00003,AML,TM-03,Turnover Profile Deviation / Unexpected Volume Spike,HIGH,65.0,"Actual monthly turnover ($26,859.07/mo) is 8.4x higher than declared expected turnover ($3,200.00/mo) across a 21-day monitoring window.","{""declared_monthly_usd"": 3200.0, ""actual_monthly_usd"": 26859.07, ""deviation_ratio"": 8.39, ""total_analyzed_volume_usd"": 26859.07}","[""TXN-0100071"", ""TXN-0100076"", ""TXN-0100055"", ""TXN-0100073"", ""TXN-0100074""]",OPEN,
ALT-SPIKE-TXN-0100076,CUST-00003,AML,TM-04,Single Transaction Anomaly / Profile Outlier,MEDIUM,40.0,"Transaction TXN-0100076 of $9,800.00 is 5.2x larger than declared maximum single transaction ($1,900.00).","{""transaction_id"": ""TXN-0100076"", ""amount_usd"": 9800.0, ""declared_max_single_tx_usd"": 1900.0, ""multiplier"": 5.16, ""counterparty"": ""VIP Capital Liquidators Escrow""}","[""TXN-0100076""]",OPEN,
FR-ALT-SCAM-CUST-00003,CUST-00003,FRAUD,FR-03,Authorized Push Payment (APP) / Investment & Impersonation Scam,HIGH,85.0,"Customer initiated 2 rapid transfers totaling $16,300.00 to brand new unverified payees (Global Alpha Arbitrage Pool Ltd, VIP Capital Liquidators Escrow) with high-risk investment/scam narratives. Strong indicator of customer manipulation/coercion.","{""count"": 2, ""total_scam_usd"": 16300.0, ""counterparties"": [""Global Alpha Arbitrage Pool Ltd"", ""VIP Capital Liquidators Escrow""], ""narratives"": [""Urgent guaranteed return investment enrollment ref #9981"", ""Top-up balance to release guaranteed trade profits""]}","[""TXN-0100075"", ""TXN-0100076""]",OPEN,
FR-ALT-SYNTH-CUST-00004,CUST-00004,FRAUD,FR-05,Synthetic Identity & Burner Contact Screening,CRITICAL,85.0,Applicant registered with disposable email domain (cynthia84@throwawayinbox.com) and virtual VoIP number (+1-555-638-7543). Synthetic identity algorithm index: 79.5/100.,"{""synthetic_identity_score"": 79.5, ""email_domain_type"": ""DISPOSABLE_TEMP"", ""phone_line_type"": ""VOIP_VIRTUAL"", ""indicators"": [""Disposable temporary burner email domain (throwawayinbox.com)"", ""Virtual VoIP PBX phone number with no carrier subscriber record"", ""Synthetic Identity algorithm: SSN issue date conflicts with applicant birth year"", ""High velocity credit profile creation detected across regional bureau consortium""]}",[],OPEN,
ALT-VOL-CUST-00005,CUST-00005,AML,TM-03,Turnover Profile Deviation (Moderate),MEDIUM,45.0,"Actual monthly turnover ($21,372.49/mo) exceeds declared profile ($7,100.00/mo) by 3.0x.","{""declared_monthly_usd"": 7100.0, ""actual_monthly_usd"": 21372.49, ""deviation_ratio"": 3.01}","[""TXN-0100129"", ""TXN-0100131"", ""TXN-0100132""]",OPEN,
ALT-VOL-CUST-00007,CUST-00007,AML,TM-03,Turnover Profile Deviation (Moderate),MEDIUM,45.0,"Actual monthly turnover ($17,949.08/mo) exceeds declared profile ($5,700.00/mo) by 3.1x.","{""declared_monthly_usd"": 5700.0, ""actual_monthly_usd"": 17949.08, ""deviation_ratio"": 3.15}","[""TXN-0100182"", ""TXN-0100183"", ""TXN-0100154""]",OPEN,
ALT-VOL-CUST-00008,CUST-00008,AML,TM-03,Turnover Profile Deviation (Moderate),MEDIUM,45.0,"Actual monthly turnover ($35,646.65/mo) exceeds declared profile ($9,000.00/mo) by 4.0x.","{""declared_monthly_usd"": 9000.0, ""actual_monthly_usd"": 35646.65, ""deviation_ratio"": 3.96}","[""TXN-0100208"", ""TXN-0100207"", ""TXN-0100209""]",OPEN,
ALT-SPIKE-TXN-0100184,CUST-00008,AML,TM-04,Single Transaction Anomaly / Profile Outlier,MEDIUM,40.0,"Transaction TXN-0100184 of $14,626.20 is 4.1x larger than declared maximum single transaction ($3,600.00).","{""transaction_id"": ""TXN-0100184"", ""amount_usd"": 14626.2, ""declared_max_single_tx_usd"": 3600.0, ""multiplier"": 4.06, ""counterparty"": ""Allen-Allen Ltd""}","[""TXN-0100184""]",OPEN,
ALT-VOL-CUST-00010,CUST-00010,AML,TM-03,Turnover Profile Deviation (Moderate),MEDIUM,45.0,"Actual monthly turnover ($26,769.89/mo) exceeds declared profile ($6,600.00/mo) by 4.1x.","{""declared_monthly_usd"": 6600.0, ""actual_monthly_usd"": 26769.89, ""deviation_ratio"": 4.06}","[""TXN-0100232"", ""TXN-0100251"", ""TXN-0100252""]",OPEN,
FR-ALT-CARD-TXN-0100253,CUST-00010,FRAUD,FR-02,Card Testing / Micro-Authorization Probing Attack,HIGH,88.0,"Detected 2 micro-authorization card probes (avg $1.17) immediately followed within 60 mins by $3,097.36 high-dollar CNP purchase attempt at 'Luxe High-End Electronics Direct' (Status: DECLINED_SUSPECTED_FRAUD).","{""micro_probes_count"": 2, ""probe_amounts"": [0.89, 1.45], ""drain_amount_usd"": 3097.36, ""drain_auth_status"": ""DECLINED_SUSPECTED_FRAUD"", ""drain_counterparty"": ""Luxe High-End Electronics Direct""}","[""TXN-0100253"", ""TXN-0100254"", ""TXN-0100255""]",OPEN,
ALT-VOL-CUST-00014,CUST-00014,AML,TM-03,Turnover Profile Deviation (Moderate),MEDIUM,45.0,"Actual monthly turnover ($12,240.58/mo) exceeds declared profile ($4,000.00/mo) by 3.1x.","{""declared_monthly_usd"": 4000.0, ""actual_monthly_usd"": 12240.58, ""deviation_ratio"": 3.06}","[""TXN-0100330"", ""TXN-0100331"", ""TXN-0100350""]",OPEN,
ALT-VOL-CUST-00019,CUST-00019,AML,TM-03,Turnover Profile Deviation (Moderate),MEDIUM,45.0,"Actual monthly turnover ($31,009.95/mo) exceeds declared profile ($8,100.00/mo) by 3.8x.","{""declared_monthly_usd"": 8100.0, ""actual_monthly_usd"": 31009.95, ""deviation_ratio"": 3.83}","[""TXN-0100430"", ""TXN-0100431"", ""TXN-0100432""]",OPEN,
FR-ALT-FF-CUST-00020,CUST-00020,FRAUD,FR-07,Friendly Fraud / Systematic Chargeback & Dispute Abuse,HIGH,78.0,"Customer initiated 3 card disputes/chargebacks totaling $2,860.00 on high-value purchases executed from verified primary device and domestic IP with authenticated EMV/3DS.","{""dispute_count"": 3, ""total_disputed_usd"": 2860.0, ""disputed_tx_ids"": [""TXN-0100472"", ""TXN-0100473"", ""TXN-0100474""], ""merchants"": [""ElectroHub Consumer Tech"", ""Designer Apparel Direct"", ""Luxury Watches Online""]}","[""TXN-0100472"", ""TXN-0100473"", ""TXN-0100474""]",OPEN,
ALT-VOL-CUST-00021,CUST-00021,AML,TM-03,Turnover Profile Deviation (Moderate),MEDIUM,45.0,"Actual monthly turnover ($24,647.97/mo) exceeds declared profile ($6,900.00/mo) by 3.6x.","{""declared_monthly_usd"": 6900.0, ""actual_monthly_usd"": 24647.97, ""deviation_ratio"": 3.57}","[""TXN-0100477"", ""TXN-0100497"", ""TXN-0100496""]",OPEN,
FR-ALT-CARD-TXN-0100498,CUST-00021,FRAUD,FR-02,Card Testing / Micro-Authorization Probing Attack,HIGH,88.0,"Detected 2 micro-authorization card probes (avg $1.17) immediately followed within 60 mins by $3,363.74 high-dollar CNP purchase attempt at 'Luxe High-End Electronics Direct' (Status: DECLINED_SUSPECTED_FRAUD).","{""micro_probes_count"": 2, ""probe_amounts"": [0.89, 1.45], ""drain_amount_usd"": 3363.74, ""drain_auth_status"": ""DECLINED_SUSPECTED_FRAUD"", ""drain_counterparty"": ""Luxe High-End Electronics Direct""}","[""TXN-0100498"", ""TXN-0100499"", ""TXN-0100500""]",OPEN,
ALT-VOL-CUST-00024,CUST-00024,AML,TM-03,Turnover Profile Deviation (Moderate),MEDIUM,45.0,"Actual monthly turnover ($13,345.12/mo) exceeds declared profile ($3,300.00/mo) by 4.0x.","{""declared_monthly_usd"": 3300.0, ""actual_monthly_usd"": 13345.12, ""deviation_ratio"": 4.04}","[""TXN-0100551"", ""TXN-0100552"", ""TXN-0100559""]",OPEN,
ALT-VOL-CUST-00025,CUST-00025,AML,TM-03,Turnover Profile Deviation (Moderate),MEDIUM,45.0,"Actual monthly turnover ($26,563.70/mo) exceeds declared profile ($9,500.00/mo) by 2.8x.","{""declared_monthly_usd"": 9500.0, ""actual_monthly_usd"": 26563.7, ""deviation_ratio"": 2.8}","[""TXN-0100561"", ""TXN-0100579"", ""TXN-0100562""]",OPEN,
FR-ALT-AITM-TXN-0100581,CUST-00025,FRAUD,FR-10,Adversary-in-the-Middle (AitM) Phishing Session Hijack,CRITICAL,94.0,"Outbound transfer of $6,482.26 executed via replayed web session token from anomalous proxy IP 185.191.171.12 (DE). Bypassed MFA via reverse-proxy session cookie exfiltration.","{""transaction_id"": ""TXN-0100581"", ""amount_usd"": 6482.26, ""hostile_ip"": ""185.191.171.12"", ""hostile_country"": ""DE"", ""counterparty"": ""SwiftClear Virtual Settlement Hub"", ""channel"": ""WEB_PORTAL""}","[""TXN-0100581""]",OPEN,
FR-ALT-OVP-TXN-0100560,CUST-00025,FRAUD,FR-11,Counterfeit Overpayment & Urgent Refund Scam,HIGH,86.0,"Customer received large inbound deposit of $8,151.77 from 'Brock Ltd Ltd', followed within 72h by urgent 'refund/overpayment' wire(s) totaling $6,482.26 (79.5%) to third-party accounts before clearing confirmation.","{""deposit_id"": ""TXN-0100560"", ""deposit_usd"": 8151.77, ""refund_total_usd"": 6482.26, ""refund_payees"": [""SwiftClear Virtual Settlement Hub""]}","[""TXN-0100560"", ""TXN-0100581""]",OPEN,
ALT-VOL-CUST-00026,CUST-00026,AML,TM-03,Turnover Profile Deviation (Moderate),MEDIUM,45.0,"Actual monthly turnover ($12,519.85/mo) exceeds declared profile ($3,800.00/mo) by 3.3x.","{""declared_monthly_usd"": 3800.0, ""actual_monthly_usd"": 12519.85, ""deviation_ratio"": 3.29}","[""TXN-0100583"", ""TXN-0100584"", ""TXN-0100596""]",OPEN,
ALT-VOL-CUST-00027,CUST-00027,AML,TM-03,Turnover Profile Deviation (Moderate),MEDIUM,45.0,"Actual monthly turnover ($26,372.10/mo) exceeds declared profile ($7,100.00/mo) by 3.7x.","{""declared_monthly_usd"": 7100.0, ""actual_monthly_usd"": 26372.1, ""deviation_ratio"": 3.71}","[""TXN-0100599"", ""TXN-0100623"", ""TXN-0100624""]",OPEN,
ALT-VOL-CUST-00028,CUST-00028,AML,TM-03,Turnover Profile Deviation (Moderate),MEDIUM,45.0,"Actual monthly turnover ($9,512.04/mo) exceeds declared profile ($2,300.00/mo) by 4.1x.","{""declared_monthly_usd"": 2300.0, ""actual_monthly_usd"": 9512.04, ""deviation_ratio"": 4.14}","[""TXN-0100636"", ""TXN-0100627"", ""TXN-0100637""]",OPEN,
ALT-SPIKE-TXN-0100625,CUST-00028,AML,TM-04,Single Transaction Anomaly / Profile Outlier,MEDIUM,40.0,"Transaction TXN-0100625 of $3,836.55 is 4.3x larger than declared maximum single transaction ($900.00).","{""transaction_id"": ""TXN-0100625"", ""amount_usd"": 3836.55, ""declared_max_single_tx_usd"": 900.0, ""multiplier"": 4.26, ""counterparty"": ""State Pension Disbursing Agency""}","[""TXN-0100625"", ""TXN-0100627""]",OPEN,
ALT-VOL-CUST-00030,CUST-00030,AML,TM-03,Turnover Profile Deviation (Moderate),MEDIUM,45.0,"Actual monthly turnover ($8,378.00/mo) exceeds declared profile ($1,900.00/mo) by 4.4x.","{""declared_monthly_usd"": 1900.0, ""actual_monthly_usd"": 8378.0, ""deviation_ratio"": 4.41}","[""TXN-0100661"", ""TXN-0100681"", ""TXN-0100680""]",OPEN,
ALT-MULE-TXN-0100708,CUST-00031,AML,TM-02,Rapid Movement of Funds / Pass-Through Account (Money Mule),CRITICAL,80.0,"Inbound credit of $21,261.67 from 'Apex Global Consulting FZE' immediately dissipated (94.1%) within 48 hours via 1 outbound transfer(s).","{""inflow_id"": ""TXN-0100708"", ""inflow_amount_usd"": 21261.67, ""outflow_total_usd"": 20008.19, ""drain_percentage"": 94.1, ""counterparties"": [""Binance P2P / Virtual Asset Ramp""]}","[""TXN-0100708"", ""TXN-0100709""]",OPEN,
ALT-VOL-CUST-00031,CUST-00031,AML,TM-03,Turnover Profile Deviation / Unexpected Volume Spike,CRITICAL,80.0,"Actual monthly turnover ($44,987.77/mo) is 50.0x higher than declared expected turnover ($900.00/mo) across a 28-day monitoring window.","{""declared_monthly_usd"": 900.0, ""actual_monthly_usd"": 44987.77, ""deviation_ratio"": 49.99, ""total_analyzed_volume_usd"": 44987.77}","[""TXN-0100682"", ""TXN-0100708"", ""TXN-0100709"", ""TXN-0100683"", ""TXN-0100684""]",OPEN,
ALT-SPIKE-TXN-0100708,CUST-00031,AML,TM-04,Single Transaction Anomaly / Profile Outlier,HIGH,60.0,"Transaction TXN-0100708 of $21,261.67 is 53.2x larger than declared maximum single transaction ($400.00).","{""transaction_id"": ""TXN-0100708"", ""amount_usd"": 21261.67, ""declared_max_single_tx_usd"": 400.0, ""multiplier"": 53.15, ""counterparty"": ""Apex Global Consulting FZE""}","[""TXN-0100708"", ""TXN-0100709""]",OPEN,
ALT-CORR-SEC-CUST-00031,CUST-00031,AML,TM-05C,Offshore Secrecy & Tax Haven Financial Corridor,MEDIUM,60.0,"Identified 1 transaction(s) totaling $20,008.19 involving offshore financial centers (SC).","{""count"": 1, ""total_usd"": 20008.19, ""jurisdictions"": [""SC""]}","[""TXN-0100709""]",OPEN,
ALT-VOL-CUST-00032,CUST-00032,AML,TM-03,Turnover Profile Deviation (Moderate),MEDIUM,45.0,"Actual monthly turnover ($31,623.82/mo) exceeds declared profile ($11,200.00/mo) by 2.8x.","{""declared_monthly_usd"": 11200.0, ""actual_monthly_usd"": 31623.82, ""deviation_ratio"": 2.82}","[""TXN-0100712"", ""TXN-0100723"", ""TXN-0100722""]",OPEN,
FR-ALT-SYNTH-CUST-00033,CUST-00033,FRAUD,FR-05,Synthetic Identity & Burner Contact Screening,CRITICAL,85.0,Applicant registered with disposable email domain (brittany21@throwawayinbox.com) and virtual VoIP number (+1-555-681-6700). Synthetic identity algorithm index: 91.7/100.,"{""synthetic_identity_score"": 91.7, ""email_domain_type"": ""DISPOSABLE_TEMP"", ""phone_line_type"": ""VOIP_VIRTUAL"", ""indicators"": [""Disposable temporary burner email domain (throwawayinbox.com)"", ""Virtual VoIP PBX phone number with no carrier subscriber record"", ""Synthetic Identity algorithm: SSN issue date conflicts with applicant birth year"", ""High velocity credit profile creation detected across regional bureau consortium""]}",[],OPEN,
ALT-VOL-CUST-00034,CUST-00034,AML,TM-03,Turnover Profile Deviation / Unexpected Volume Spike,HIGH,65.0,"Actual monthly turnover ($8,136.28/mo) is 5.4x higher than declared expected turnover ($1,500.00/mo) across a 27-day monitoring window.","{""declared_monthly_usd"": 1500.0, ""actual_monthly_usd"": 8136.28, ""deviation_ratio"": 5.42, ""total_analyzed_volume_usd"": 8136.28}","[""TXN-0100757"", ""TXN-0100759"", ""TXN-0100760"", ""TXN-0100742"", ""TXN-0100743""]",OPEN,
ALT-VOL-CUST-00035,CUST-00035,AML,TM-03,Turnover Profile Deviation (Moderate),MEDIUM,45.0,"Actual monthly turnover ($114,994.99/mo) exceeds declared profile ($29,800.00/mo) by 3.9x.","{""declared_monthly_usd"": 29800.0, ""actual_monthly_usd"": 114994.99, ""deviation_ratio"": 3.86}","[""TXN-0100780"", ""TXN-0100781"", ""TXN-0100782""]",OPEN,
FR-ALT-BEC-TXN-0100783,CUST-00035,FRAUD,FR-09,Business Email Compromise (BEC) & Executive Impersonation,CRITICAL,93.0,"High-value outbound wire of $41,995.72 routed to new beneficiary 'Meridian Global Acquisitions Nominee Ltd' (HK) accompanied by urgent executive/confidential wire narrative. Matches classic CEO fraud / supplier banking details interception.","{""transaction_id"": ""TXN-0100783"", ""amount_usd"": 41995.72, ""beneficiary"": ""Meridian Global Acquisitions Nominee Ltd"", ""beneficiary_country"": ""HK"", ""narrative"": ""Strictly Confidential M&A Acquisition Settlement Ref #9941 / CEO Authorization Required"", ""channel"": ""SWIFT""}","[""TXN-0100783""]",OPEN,
FR-ALT-OVP-TXN-0100761,CUST-00035,FRAUD,FR-11,Counterfeit Overpayment & Urgent Refund Scam,HIGH,86.0,"Customer received large inbound deposit of $28,626.79 from 'Peterson-Beard Ltd', followed within 72h by urgent 'refund/overpayment' wire(s) totaling $41,995.72 (146.7%) to third-party accounts before clearing confirmation.","{""deposit_id"": ""TXN-0100761"", ""deposit_usd"": 28626.79, ""refund_total_usd"": 41995.72, ""refund_payees"": [""Meridian Global Acquisitions Nominee Ltd""]}","[""TXN-0100761"", ""TXN-0100783""]",OPEN,
ALT-VOL-CUST-00036,CUST-00036,AML,TM-03,Turnover Profile Deviation (Moderate),MEDIUM,45.0,"Actual monthly turnover ($10,465.60/mo) exceeds declared profile ($2,200.00/mo) by 4.8x.","{""declared_monthly_usd"": 2200.0, ""actual_monthly_usd"": 10465.6, ""deviation_ratio"": 4.76}","[""TXN-0100804"", ""TXN-0100805"", ""TXN-0100806""]",OPEN,
ALT-SPIKE-TXN-0100786,CUST-00036,AML,TM-04,Single Transaction Anomaly / Profile Outlier,MEDIUM,40.0,"Transaction TXN-0100786 of $3,818.79 is 5.5x larger than declared maximum single transaction ($700.00).","{""transaction_id"": ""TXN-0100786"", ""amount_usd"": 3818.79, ""declared_max_single_tx_usd"": 700.0, ""multiplier"": 5.46, ""counterparty"": ""State Pension Disbursing Agency""}","[""TXN-0100784"", ""TXN-0100786""]",OPEN,
ALT-CUCKOO-CUST-00038,CUST-00038,AML,TM-10,Cuckoo Smurfing & Hawala Third-Party Remittance Matching,HIGH,86.0,"Account received 3 unrelated inbound transfers totaling $68,000.00 from 3 distinct third-party remitters without commercial justification. Typology matches alternative remittance smurfing / Hawala integration.","{""deposit_count"": 3, ""total_inbound_usd"": 68000.0, ""remitters"": [""Private Escrow Trust Alpha 2"", ""Private Escrow Trust Alpha 1"", ""Private Escrow Trust Alpha 3""]}","[""TXN-0100853"", ""TXN-0100854"", ""TXN-0100855""]",OPEN,
ALT-VOL-CUST-00039,CUST-00039,AML,TM-03,Turnover Profile Deviation (Moderate),MEDIUM,45.0,"Actual monthly turnover ($12,356.70/mo) exceeds declared profile ($2,600.00/mo) by 4.8x.","{""declared_monthly_usd"": 2600.0, ""actual_monthly_usd"": 12356.7, ""deviation_ratio"": 4.75}","[""TXN-0100857"", ""TXN-0100875"", ""TXN-0100858""]",OPEN,
ALT-SPIKE-TXN-0100856,CUST-00039,AML,TM-04,Single Transaction Anomaly / Profile Outlier,MEDIUM,40.0,"Transaction TXN-0100856 of $4,704.87 is 5.2x larger than declared maximum single transaction ($900.00).","{""transaction_id"": ""TXN-0100856"", ""amount_usd"": 4704.87, ""declared_max_single_tx_usd"": 900.0, ""multiplier"": 5.23, ""counterparty"": ""State Pension Disbursing Agency""}","[""TXN-0100856"", ""TXN-0100858""]",OPEN,
ALT-CORR-SEC-CUST-00041,CUST-00041,AML,TM-05C,Offshore Secrecy & Tax Haven Financial Corridor,MEDIUM,60.0,"Identified 2 transaction(s) totaling $36,300.00 involving offshore financial centers (VG, SC).","{""count"": 2, ""total_usd"": 36300.0, ""jurisdictions"": [""VG"", ""SC""]}","[""TXN-0100928"", ""TXN-0100929""]",OPEN,
ALT-MIXER-CUST-00041,CUST-00041,AML,TM-11,"Crypto Mixer, Tumbler & Anonymity Protocol Interaction",CRITICAL,96.0,"Direct financial interaction identified with sanctioned/anonymizing virtual asset mixer(s) (Wasabi CoinJoin Anonymized Aggregator, Tornado Cash Router 0xd90e... (Sanctioned Protocol)) totaling $36,300.00. Severe money laundering indicator for source-of-funds obfuscation.","{""count"": 2, ""total_usd"": 36300.0, ""mixers"": [""Tornado Cash Router 0xd90e... (Sanctioned Protocol)"", ""Wasabi CoinJoin Anonymized Aggregator""], ""narratives"": [""Direct deposit to zero-knowledge privacy pool / mixer contract"", ""Cleaned crypto cash-out hop from privacy tumbler pool""]}","[""TXN-0100928"", ""TXN-0100929""]",OPEN,
ALT-VOL-CUST-00042,CUST-00042,AML,TM-03,Turnover Profile Deviation (Moderate),MEDIUM,45.0,"Actual monthly turnover ($17,753.15/mo) exceeds declared profile ($6,700.00/mo) by 2.6x.","{""declared_monthly_usd"": 6700.0, ""actual_monthly_usd"": 17753.15, ""deviation_ratio"": 2.65}","[""TXN-0100932"", ""TXN-0100942"", ""TXN-0100941""]",OPEN,
FR-ALT-BIN-CUST-00042,CUST-00042,FRAUD,FR-08,Automated BIN Attack & High-Velocity Card Brute-Force,HIGH,89.0,Detected 4 rapid sequential authorization attempts with fraud declines within 9 minutes. Characteristics match automated script/botnet testing CVV/expiration permutations.,"{""declines_count"": 4, ""time_span_minutes"": 9, ""auth_statuses"": [""DECLINED_INVALID_CVV"", ""DECLINED_EXPIRED"", ""DECLINED_SUSPECTED_FRAUD"", ""AUTHORIZED""], ""gateways"": [""Global FastPay Automated Gateway""]}","[""TXN-0100943"", ""TXN-0100944"", ""TXN-0100945"", ""TXN-0100946""]",OPEN,
ALT-VOL-CUST-00043,CUST-00043,AML,TM-03,Turnover Profile Deviation (Moderate),MEDIUM,45.0,"Actual monthly turnover ($18,981.93/mo) exceeds declared profile ($6,600.00/mo) by 2.9x.","{""declared_monthly_usd"": 6600.0, ""actual_monthly_usd"": 18981.93, ""deviation_ratio"": 2.88}","[""TXN-0100961"", ""TXN-0100948"", ""TXN-0100949""]",OPEN,
ALT-VOL-CUST-00045,CUST-00045,AML,TM-03,Turnover Profile Deviation (Moderate),MEDIUM,45.0,"Actual monthly turnover ($28,754.79/mo) exceeds declared profile ($10,700.00/mo) by 2.7x.","{""declared_monthly_usd"": 10700.0, ""actual_monthly_usd"": 28754.79, ""deviation_ratio"": 2.69}","[""TXN-0100984"", ""TXN-0101006"", ""TXN-0100985""]",OPEN,
ALT-VOL-CUST-00046,CUST-00046,AML,TM-03,Turnover Profile Deviation (Moderate),MEDIUM,45.0,"Actual monthly turnover ($22,176.63/mo) exceeds declared profile ($8,800.00/mo) by 2.5x.","{""declared_monthly_usd"": 8800.0, ""actual_monthly_usd"": 22176.63, ""deviation_ratio"": 2.52}","[""TXN-0101007"", ""TXN-0101008"", ""TXN-0101009""]",OPEN,
ALT-VOL-CUST-00047,CUST-00047,AML,TM-03,Turnover Profile Deviation (Moderate),MEDIUM,45.0,"Actual monthly turnover ($32,196.52/mo) exceeds declared profile ($11,000.00/mo) by 2.9x.","{""declared_monthly_usd"": 11000.0, ""actual_monthly_usd"": 32196.52, ""deviation_ratio"": 2.93}","[""TXN-0101038"", ""TXN-0101039"", ""TXN-0101025""]",OPEN,
ALT-VOL-CUST-00048,CUST-00048,AML,TM-03,Turnover Profile Deviation (Moderate),MEDIUM,45.0,"Actual monthly turnover ($25,721.67/mo) exceeds declared profile ($6,900.00/mo) by 3.7x.","{""declared_monthly_usd"": 6900.0, ""actual_monthly_usd"": 25721.67, ""deviation_ratio"": 3.73}","[""TXN-0101063"", ""TXN-0101042"", ""TXN-0101065""]",OPEN,
ALT-CORR-SEC-CUST-00048,CUST-00048,AML,TM-05C,Offshore Secrecy & Tax Haven Financial Corridor,MEDIUM,60.0,"Identified 1 transaction(s) totaling $9,437.70 involving offshore financial centers (SC).","{""count"": 1, ""total_usd"": 9437.7, ""jurisdictions"": [""SC""]}","[""TXN-0101067""]",OPEN,
FR-ALT-ATO-TXN-0101067,CUST-00048,FRAUD,FR-01,Account Takeover (ATO) & Impossible Travel Anomaly,CRITICAL,92.0,"Outbound transfer of $9,437.70 executed from anomalous device 'DEV-UNKNOWN-ATTACKER-99X' and foreign IP 185.233.196.201 (NG) shortly after session in CA. Pattern indicates compromised online banking credentials.","{""draining_transaction_id"": ""TXN-0101067"", ""amount_usd"": 9437.7, ""hostile_device_id"": ""DEV-UNKNOWN-ATTACKER-99X"", ""hostile_ip"": ""185.233.196.201"", ""hostile_ip_country"": ""NG"", ""registered_home_country"": ""CA"", ""registered_device"": ""DEV-427730"", ""counterparty"": ""FastPay Global Clearing Ltd""}","[""TXN-0101067"", ""TXN-0101064"", ""TXN-0101066""]",OPEN,
FR-ALT-AITM-TXN-0101067,CUST-00048,FRAUD,FR-10,Adversary-in-the-Middle (AitM) Phishing Session Hijack,CRITICAL,94.0,"Outbound transfer of $9,437.70 executed via replayed web session token from anomalous proxy IP 185.233.196.201 (NG). Bypassed MFA via reverse-proxy session cookie exfiltration.","{""transaction_id"": ""TXN-0101067"", ""amount_usd"": 9437.7, ""hostile_ip"": ""185.233.196.201"", ""hostile_country"": ""NG"", ""counterparty"": ""FastPay Global Clearing Ltd"", ""channel"": ""WEB_PORTAL""}","[""TXN-0101067""]",OPEN,
ALT-VOL-CUST-00049,CUST-00049,AML,TM-03,Turnover Profile Deviation (Moderate),MEDIUM,45.0,"Actual monthly turnover ($29,233.50/mo) exceeds declared profile ($8,200.00/mo) by 3.6x.","{""declared_monthly_usd"": 8200.0, ""actual_monthly_usd"": 29233.5, ""deviation_ratio"": 3.57}","[""TXN-0101084"", ""TXN-0101069"", ""TXN-0101070""]",OPEN,
ALT-SPIKE-TXN-0101068,CUST-00049,AML,TM-04,Single Transaction Anomaly / Profile Outlier,MEDIUM,40.0,"Transaction TXN-0101068 of $11,851.37 is 4.4x larger than declared maximum single transaction ($2,700.00).","{""transaction_id"": ""TXN-0101068"", ""amount_usd"": 11851.37, ""declared_max_single_tx_usd"": 2700.0, ""multiplier"": 4.39, ""counterparty"": ""Pollard, Simpson and Johnson Ltd""}","[""TXN-0101068"", ""TXN-0101070""]",OPEN,
ALT-VOL-CUST-00051,CUST-00051,AML,TM-03,Turnover Profile Deviation (Moderate),MEDIUM,45.0,"Actual monthly turnover ($18,707.46/mo) exceeds declared profile ($6,400.00/mo) by 2.9x.","{""declared_monthly_usd"": 6400.0, ""actual_monthly_usd"": 18707.46, ""deviation_ratio"": 2.92}","[""TXN-0101128"", ""TXN-0101129"", ""TXN-0101130""]",OPEN,
FR-ALT-CARD-TXN-0101131,CUST-00051,FRAUD,FR-02,Card Testing / Micro-Authorization Probing Attack,HIGH,88.0,"Detected 2 micro-authorization card probes (avg $1.17) immediately followed within 60 mins by $2,903.70 high-dollar CNP purchase attempt at 'Luxe High-End Electronics Direct' (Status: DECLINED_SUSPECTED_FRAUD).","{""micro_probes_count"": 2, ""probe_amounts"": [0.89, 1.45], ""drain_amount_usd"": 2903.7, ""drain_auth_status"": ""DECLINED_SUSPECTED_FRAUD"", ""drain_counterparty"": ""Luxe High-End Electronics Direct""}","[""TXN-0101131"", ""TXN-0101132"", ""TXN-0101133""]",OPEN,
ALT-VOL-CUST-00053,CUST-00053,AML,TM-03,Turnover Profile Deviation (Moderate),MEDIUM,45.0,"Actual monthly turnover ($34,967.52/mo) exceeds declared profile ($13,300.00/mo) by 2.6x.","{""declared_monthly_usd"": 13300.0, ""actual_monthly_usd"": 34967.52, ""deviation_ratio"": 2.63}","[""TXN-0101149"", ""TXN-0101160"", ""TXN-0101161""]",OPEN,
ALT-VOL-CUST-00054,CUST-00054,AML,TM-03,Turnover Profile Deviation (Moderate),MEDIUM,45.0,"Actual monthly turnover ($7,999.66/mo) exceeds declared profile ($1,900.00/mo) by 4.2x.","{""declared_monthly_usd"": 1900.0, ""actual_monthly_usd"": 7999.66, ""deviation_ratio"": 4.21}","[""TXN-0101164"", ""TXN-0101182"", ""TXN-0101183""]",OPEN,
ALT-MULE-TXN-0101256,CUST-00058,AML,TM-02,Rapid Movement of Funds / Pass-Through Account (Money Mule),CRITICAL,80.0,"Inbound credit of $41,366.66 from 'Apex Global Consulting FZE' immediately dissipated (91.1%) within 48 hours via 1 outbound transfer(s).","{""inflow_id"": ""TXN-0101256"", ""inflow_amount_usd"": 41366.66, ""outflow_total_usd"": 37674.32, ""drain_percentage"": 91.1, ""counterparties"": [""Binance P2P / Virtual Asset Ramp""]}","[""TXN-0101256"", ""TXN-0101257""]",OPEN,
ALT-VOL-CUST-00058,CUST-00058,AML,TM-03,Turnover Profile Deviation / Unexpected Volume Spike,CRITICAL,80.0,"Actual monthly turnover ($82,857.03/mo) is 82.9x higher than declared expected turnover ($1,000.00/mo) across a 28-day monitoring window.","{""declared_monthly_usd"": 1000.0, ""actual_monthly_usd"": 82857.03, ""deviation_ratio"": 82.86, ""total_analyzed_volume_usd"": 82857.03}","[""TXN-0101239"", ""TXN-0101256"", ""TXN-0101257"", ""TXN-0101240"", ""TXN-0101241""]",OPEN,
ALT-SPIKE-TXN-0101256,CUST-00058,AML,TM-04,Single Transaction Anomaly / Profile Outlier,HIGH,60.0,"Transaction TXN-0101256 of $41,366.66 is 103.4x larger than declared maximum single transaction ($400.00).","{""transaction_id"": ""TXN-0101256"", ""amount_usd"": 41366.66, ""declared_max_single_tx_usd"": 400.0, ""multiplier"": 103.42, ""counterparty"": ""Apex Global Consulting FZE""}","[""TXN-0101256"", ""TXN-0101257""]",OPEN,
ALT-CORR-SEC-CUST-00058,CUST-00058,AML,TM-05C,Offshore Secrecy & Tax Haven Financial Corridor,MEDIUM,60.0,"Identified 1 transaction(s) totaling $37,674.32 involving offshore financial centers (SC).","{""count"": 1, ""total_usd"": 37674.32, ""jurisdictions"": [""SC""]}","[""TXN-0101257""]",OPEN,
ALT-VOL-CUST-00059,CUST-00059,AML,TM-03,Turnover Profile Deviation (Moderate),MEDIUM,45.0,"Actual monthly turnover ($13,744.60/mo) exceeds declared profile ($3,600.00/mo) by 3.8x.","{""declared_monthly_usd"": 3600.0, ""actual_monthly_usd"": 13744.6, ""deviation_ratio"": 3.82}","[""TXN-0101274"", ""TXN-0101260"", ""TXN-0101275""]",OPEN,
ALT-MULE-TXN-0101302,CUST-00060,AML,TM-02,Rapid Movement of Funds / Pass-Through Account (Money Mule),CRITICAL,80.0,"Inbound credit of $9,850.00 from 'Apex External Bank Link' immediately dissipated (94.4%) within 48 hours via 4 outbound transfer(s).","{""inflow_id"": ""TXN-0101302"", ""inflow_amount_usd"": 9850.0, ""outflow_total_usd"": 9300.0, ""drain_percentage"": 94.4, ""counterparties"": [""ATM Cash Out #4401 - Downtown 24h"", ""ATM Cash Out #4402 - Metro Center"", ""QuickCash Peer Transfer Account"", ""Express Liquidity Transfer""]}","[""TXN-0101302"", ""TXN-0101303"", ""TXN-0101304"", ""TXN-0101305"", ""TXN-0101306""]",OPEN,
ALT-VOL-CUST-00060,CUST-00060,AML,TM-03,Turnover Profile Deviation / Unexpected Volume Spike,CRITICAL,80.0,"Actual monthly turnover ($28,270.58/mo) is 10.5x higher than declared expected turnover ($2,700.00/mo) across a 29-day monitoring window.","{""declared_monthly_usd"": 2700.0, ""actual_monthly_usd"": 28270.58, ""deviation_ratio"": 10.47, ""total_analyzed_volume_usd"": 28270.58}","[""TXN-0101297"", ""TXN-0101278"", ""TXN-0101300"", ""TXN-0101299"", ""TXN-0101301""]",OPEN,
ALT-SPIKE-TXN-0101302,CUST-00060,AML,TM-04,Single Transaction Anomaly / Profile Outlier,MEDIUM,40.0,"Transaction TXN-0101302 of $9,850.00 is 7.0x larger than declared maximum single transaction ($1,400.00).","{""transaction_id"": ""TXN-0101302"", ""amount_usd"": 9850.0, ""declared_max_single_tx_usd"": 1400.0, ""multiplier"": 7.04, ""counterparty"": ""Apex External Bank Link""}","[""TXN-0101302""]",OPEN,
FR-ALT-BUST-TXN-0101302,CUST-00060,FRAUD,FR-04,First-Party Bust-Out / Deposit Kiting Fraud,CRITICAL,90.0,"Inbound unverified deposit of $9,850.00 immediately drained (94.4%) within 48 hours via 4 rapid ATM/P2P cash extractions prior to fund settlement.","{""deposit_id"": ""TXN-0101302"", ""deposit_usd"": 9850.0, ""total_drain_usd"": 9300.0, ""drain_percentage"": 94.4, ""drains_count"": 4}","[""TXN-0101302"", ""TXN-0101303"", ""TXN-0101304"", ""TXN-0101305"", ""TXN-0101306""]",OPEN,
FR-ALT-OVP-TXN-0101302,CUST-00060,FRAUD,FR-11,Counterfeit Overpayment & Urgent Refund Scam,HIGH,86.0,"Customer received large inbound deposit of $9,850.00 from 'Apex External Bank Link', followed within 72h by urgent 'refund/overpayment' wire(s) totaling $9,300.00 (94.4%) to third-party accounts before clearing confirmation.","{""deposit_id"": ""TXN-0101302"", ""deposit_usd"": 9850.0, ""refund_total_usd"": 9300.0, ""refund_payees"": [""ATM Cash Out #4401 - Downtown 24h"", ""ATM Cash Out #4402 - Metro Center"", ""QuickCash Peer Transfer Account"", ""Express Liquidity Transfer""]}","[""TXN-0101302"", ""TXN-0101303"", ""TXN-0101304"", ""TXN-0101305"", ""TXN-0101306""]",OPEN,
ALT-VOL-CUST-00064,CUST-00064,AML,TM-03,Turnover Profile Deviation (Moderate),MEDIUM,45.0,"Actual monthly turnover ($16,795.92/mo) exceeds declared profile ($5,000.00/mo) by 3.4x.","{""declared_monthly_usd"": 5000.0, ""actual_monthly_usd"": 16795.92, ""deviation_ratio"": 3.36}","[""TXN-0101398"", ""TXN-0101399"", ""TXN-0101400""]",OPEN,
ALT-VOL-CUST-00065,CUST-00065,AML,TM-03,Turnover Profile Deviation (Moderate),MEDIUM,45.0,"Actual monthly turnover ($50,142.76/mo) exceeds declared profile ($17,800.00/mo) by 2.8x.","{""declared_monthly_usd"": 17800.0, ""actual_monthly_usd"": 50142.76, ""deviation_ratio"": 2.82}","[""TXN-0101402"", ""TXN-0101417"", ""TXN-0101403""]",OPEN,
ALT-VOL-CUST-00066,CUST-00066,AML,TM-03,Turnover Profile Deviation / Unexpected Volume Spike,HIGH,65.0,"Actual monthly turnover ($106,353.41/mo) is 5.7x higher than declared expected turnover ($18,500.00/mo) across a 29-day monitoring window.","{""declared_monthly_usd"": 18500.0, ""actual_monthly_usd"": 106353.41, ""deviation_ratio"": 5.75, ""total_analyzed_volume_usd"": 106353.41}","[""TXN-0101435"", ""TXN-0101436"", ""TXN-0101437"", ""TXN-0101420"", ""TXN-0101438""]",OPEN,
ALT-LOAN-TXN-0101439,CUST-00066,AML,TM-13,Loan Collateral Laundering & Rapid Early Liquidation,HIGH,84.0,"Loan disbursement of $40,000.00 rapidly settled/liquidated within 10 days via $40,150.00 repayment from external unverified funds, effectively converting illicit cash into clean payoff credit.","{""loan_id"": ""TXN-0101439"", ""loan_amount_usd"": 40000.0, ""payoff_total_usd"": 40150.0, ""days_to_payoff"": 10}","[""TXN-0101439"", ""TXN-0101440""]",OPEN,
ALT-VOL-CUST-00067,CUST-00067,AML,TM-03,Turnover Profile Deviation (Moderate),MEDIUM,45.0,"Actual monthly turnover ($16,525.97/mo) exceeds declared profile ($4,400.00/mo) by 3.8x.","{""declared_monthly_usd"": 4400.0, ""actual_monthly_usd"": 16525.97, ""deviation_ratio"": 3.76}","[""TXN-0101462"", ""TXN-0101443"", ""TXN-0101464""]",OPEN,
FR-ALT-CARD-TXN-0101465,CUST-00067,FRAUD,FR-02,Card Testing / Micro-Authorization Probing Attack,HIGH,88.0,"Detected 2 micro-authorization card probes (avg $1.17) immediately followed within 60 mins by $3,685.22 high-dollar CNP purchase attempt at 'Luxe High-End Electronics Direct' (Status: DECLINED_SUSPECTED_FRAUD).","{""micro_probes_count"": 2, ""probe_amounts"": [0.89, 1.45], ""drain_amount_usd"": 3685.22, ""drain_auth_status"": ""DECLINED_SUSPECTED_FRAUD"", ""drain_counterparty"": ""Luxe High-End Electronics Direct""}","[""TXN-0101465"", ""TXN-0101466"", ""TXN-0101467""]",OPEN,
ALT-VOL-CUST-00068,CUST-00068,AML,TM-03,Turnover Profile Deviation / Unexpected Volume Spike,HIGH,65.0,"Actual monthly turnover ($27,744.50/mo) is 5.1x higher than declared expected turnover ($5,400.00/mo) across a 24-day monitoring window.","{""declared_monthly_usd"": 5400.0, ""actual_monthly_usd"": 27744.5, ""deviation_ratio"": 5.14, ""total_analyzed_volume_usd"": 27744.5}","[""TXN-0101489"", ""TXN-0101483"", ""TXN-0101470"", ""TXN-0101484"", ""TXN-0101485""]",OPEN,
ALT-CUCKOO-CUST-00068,CUST-00068,AML,TM-10,Cuckoo Smurfing & Hawala Third-Party Remittance Matching,HIGH,86.0,"Account received 4 unrelated inbound transfers totaling $18,500.00 from 4 distinct third-party remitters without commercial justification. Typology matches alternative remittance smurfing / Hawala integration.","{""deposit_count"": 4, ""total_inbound_usd"": 18500.0, ""remitters"": [""Sarah Jenkins Domestic Transfer"", ""Metro Retail Cash Counter"", ""Branch Cash Deposit Counter #12"", ""Liam O'Connor P2P Credit""]}","[""TXN-0101486"", ""TXN-0101487"", ""TXN-0101488"", ""TXN-0101489""]",OPEN,
ALT-VOL-CUST-00069,CUST-00069,AML,TM-03,Turnover Profile Deviation (Moderate),MEDIUM,45.0,"Actual monthly turnover ($141,610.88/mo) exceeds declared profile ($47,000.00/mo) by 3.0x.","{""declared_monthly_usd"": 47000.0, ""actual_monthly_usd"": 141610.88, ""deviation_ratio"": 3.01}","[""TXN-0101504"", ""TXN-0101505"", ""TXN-0101492""]",OPEN,
FR-ALT-BEC-TXN-0101506,CUST-00069,FRAUD,FR-09,Business Email Compromise (BEC) & Executive Impersonation,CRITICAL,93.0,"High-value outbound wire of $60,027.31 routed to new beneficiary 'Meridian Global Acquisitions Nominee Ltd' (HK) accompanied by urgent executive/confidential wire narrative. Matches classic CEO fraud / supplier banking details interception.","{""transaction_id"": ""TXN-0101506"", ""amount_usd"": 60027.31, ""beneficiary"": ""Meridian Global Acquisitions Nominee Ltd"", ""beneficiary_country"": ""HK"", ""narrative"": ""Strictly Confidential M&A Acquisition Settlement Ref #9941 / CEO Authorization Required"", ""channel"": ""SWIFT""}","[""TXN-0101506""]",OPEN,
FR-ALT-OVP-TXN-0101490,CUST-00069,FRAUD,FR-11,Counterfeit Overpayment & Urgent Refund Scam,HIGH,86.0,"Customer received large inbound deposit of $34,726.24 from 'Sanders Ltd Ltd', followed within 72h by urgent 'refund/overpayment' wire(s) totaling $60,027.31 (172.9%) to third-party accounts before clearing confirmation.","{""deposit_id"": ""TXN-0101490"", ""deposit_usd"": 34726.24, ""refund_total_usd"": 60027.31, ""refund_payees"": [""Meridian Global Acquisitions Nominee Ltd""]}","[""TXN-0101490"", ""TXN-0101506""]",OPEN,
ALT-VOL-CUST-00071,CUST-00071,AML,TM-03,Turnover Profile Deviation (Moderate),MEDIUM,45.0,"Actual monthly turnover ($7,738.49/mo) exceeds declared profile ($2,000.00/mo) by 3.9x.","{""declared_monthly_usd"": 2000.0, ""actual_monthly_usd"": 7738.49, ""deviation_ratio"": 3.87}","[""TXN-0101548"", ""TXN-0101547"", ""TXN-0101530""]",OPEN,
ALT-VOL-CUST-00072,CUST-00072,AML,TM-03,Turnover Profile Deviation (Moderate),MEDIUM,45.0,"Actual monthly turnover ($23,161.80/mo) exceeds declared profile ($6,300.00/mo) by 3.7x.","{""declared_monthly_usd"": 6300.0, ""actual_monthly_usd"": 23161.8, ""deviation_ratio"": 3.68}","[""TXN-0101572"", ""TXN-0101574"", ""TXN-0101573""]",OPEN,
FR-ALT-CARD-TXN-0101575,CUST-00072,FRAUD,FR-02,Card Testing / Micro-Authorization Probing Attack,HIGH,88.0,"Detected 2 micro-authorization card probes (avg $1.17) immediately followed within 60 mins by $3,501.00 high-dollar CNP purchase attempt at 'Luxe High-End Electronics Direct' (Status: DECLINED_SUSPECTED_FRAUD).","{""micro_probes_count"": 2, ""probe_amounts"": [0.89, 1.45], ""drain_amount_usd"": 3501.0, ""drain_auth_status"": ""DECLINED_SUSPECTED_FRAUD"", ""drain_counterparty"": ""Luxe High-End Electronics Direct""}","[""TXN-0101575"", ""TXN-0101576"", ""TXN-0101577""]",OPEN,
ALT-VOL-CUST-00073,CUST-00073,AML,TM-03,Turnover Profile Deviation (Moderate),MEDIUM,45.0,"Actual monthly turnover ($20,037.67/mo) exceeds declared profile ($4,900.00/mo) by 4.1x.","{""declared_monthly_usd"": 4900.0, ""actual_monthly_usd"": 20037.67, ""deviation_ratio"": 4.09}","[""TXN-0101579"", ""TXN-0101603"", ""TXN-0101580""]",OPEN,
FR-ALT-CARD-TXN-0101604,CUST-00073,FRAUD,FR-02,Card Testing / Micro-Authorization Probing Attack,HIGH,88.0,"Detected 2 micro-authorization card probes (avg $1.17) immediately followed within 60 mins by $3,792.77 high-dollar CNP purchase attempt at 'Luxe High-End Electronics Direct' (Status: DECLINED_SUSPECTED_FRAUD).","{""micro_probes_count"": 2, ""probe_amounts"": [0.89, 1.45], ""drain_amount_usd"": 3792.77, ""drain_auth_status"": ""DECLINED_SUSPECTED_FRAUD"", ""drain_counterparty"": ""Luxe High-End Electronics Direct""}","[""TXN-0101604"", ""TXN-0101605"", ""TXN-0101606""]",OPEN,
ALT-VOL-CUST-00074,CUST-00074,AML,TM-03,Turnover Profile Deviation (Moderate),MEDIUM,45.0,"Actual monthly turnover ($26,067.63/mo) exceeds declared profile ($7,900.00/mo) by 3.3x.","{""declared_monthly_usd"": 7900.0, ""actual_monthly_usd"": 26067.63, ""deviation_ratio"": 3.3}","[""TXN-0101609"", ""TXN-0101625"", ""TXN-0101626""]",OPEN,
ALT-MULE-TXN-0101691,CUST-00077,AML,TM-02,Rapid Movement of Funds / Pass-Through Account (Money Mule),CRITICAL,80.0,"Inbound credit of $23,881.75 from 'Apex Global Consulting FZE' immediately dissipated (90.4%) within 48 hours via 1 outbound transfer(s).","{""inflow_id"": ""TXN-0101691"", ""inflow_amount_usd"": 23881.75, ""outflow_total_usd"": 21577.52, ""drain_percentage"": 90.4, ""counterparties"": [""Binance P2P / Virtual Asset Ramp""]}","[""TXN-0101691"", ""TXN-0101692""]",OPEN,
ALT-VOL-CUST-00077,CUST-00077,AML,TM-03,Turnover Profile Deviation / Unexpected Volume Spike,CRITICAL,80.0,"Actual monthly turnover ($48,428.04/mo) is 53.8x higher than declared expected turnover ($900.00/mo) across a 25-day monitoring window.","{""declared_monthly_usd"": 900.0, ""actual_monthly_usd"": 48428.04, ""deviation_ratio"": 53.81, ""total_analyzed_volume_usd"": 48428.04}","[""TXN-0101672"", ""TXN-0101691"", ""TXN-0101692"", ""TXN-0101673"", ""TXN-0101674""]",OPEN,
ALT-SPIKE-TXN-0101691,CUST-00077,AML,TM-04,Single Transaction Anomaly / Profile Outlier,HIGH,60.0,"Transaction TXN-0101691 of $23,881.75 is 39.8x larger than declared maximum single transaction ($600.00).","{""transaction_id"": ""TXN-0101691"", ""amount_usd"": 23881.75, ""declared_max_single_tx_usd"": 600.0, ""multiplier"": 39.8, ""counterparty"": ""Apex Global Consulting FZE""}","[""TXN-0101691"", ""TXN-0101692""]",OPEN,
ALT-CORR-SEC-CUST-00077,CUST-00077,AML,TM-05C,Offshore Secrecy & Tax Haven Financial Corridor,MEDIUM,60.0,"Identified 1 transaction(s) totaling $21,577.52 involving offshore financial centers (SC).","{""count"": 1, ""total_usd"": 21577.52, ""jurisdictions"": [""SC""]}","[""TXN-0101692""]",OPEN,
ALT-VOL-CUST-00078,CUST-00078,AML,TM-03,Turnover Profile Deviation (Moderate),MEDIUM,45.0,"Actual monthly turnover ($33,947.02/mo) exceeds declared profile ($12,800.00/mo) by 2.7x.","{""declared_monthly_usd"": 12800.0, ""actual_monthly_usd"": 33947.02, ""deviation_ratio"": 2.65}","[""TXN-0101695"", ""TXN-0101712"", ""TXN-0101711""]",OPEN,
ALT-VOL-CUST-00079,CUST-00079,AML,TM-03,Turnover Profile Deviation (Moderate),MEDIUM,45.0,"Actual monthly turnover ($14,955.90/mo) exceeds declared profile ($3,700.00/mo) by 4.0x.","{""declared_monthly_usd"": 3700.0, ""actual_monthly_usd"": 14955.9, ""deviation_ratio"": 4.04}","[""TXN-0101714"", ""TXN-0101715"", ""TXN-0101725""]",OPEN,
ALT-CUCKOO-CUST-00080,CUST-00080,AML,TM-10,Cuckoo Smurfing & Hawala Third-Party Remittance Matching,HIGH,86.0,"Account received 3 unrelated inbound transfers totaling $68,000.00 from 3 distinct third-party remitters without commercial justification. Typology matches alternative remittance smurfing / Hawala integration.","{""deposit_count"": 3, ""total_inbound_usd"": 68000.0, ""remitters"": [""Private Escrow Trust Alpha 2"", ""Private Escrow Trust Alpha 1"", ""Private Escrow Trust Alpha 3""]}","[""TXN-0101743"", ""TXN-0101744"", ""TXN-0101745""]",OPEN,
ALT-STRUC-CUST-00083-1,CUST-00083,AML,TM-01,Currency Transaction Reporting (CTR) Structuring / Smurfing,CRITICAL,85.0,"Detected 5 inbound deposits totaling $46,486.40 in the $7,500-$9,999 band within 14 days. Pattern indicative of intentional threshold evasion.","{""count"": 5, ""total_amount_usd"": 46486.4, ""time_span_days"": 14, ""amounts"": [8933.93, 9274.66, 9865.59, 9490.22, 8922.0]}","[""TXN-0101815"", ""TXN-0101816"", ""TXN-0101817"", ""TXN-0101818"", ""TXN-0101819""]",OPEN,
ALT-VOL-CUST-00083,CUST-00083,AML,TM-03,Turnover Profile Deviation / Unexpected Volume Spike,CRITICAL,80.0,"Actual monthly turnover ($60,904.70/mo) is 14.2x higher than declared expected turnover ($4,300.00/mo) across a 28-day monitoring window.","{""declared_monthly_usd"": 4300.0, ""actual_monthly_usd"": 60904.7, ""deviation_ratio"": 14.16, ""total_analyzed_volume_usd"": 60904.7}","[""TXN-0101812"", ""TXN-0101813"", ""TXN-0101792"", ""TXN-0101814"", ""TXN-0101793""]",OPEN,
ALT-SPIKE-TXN-0101817,CUST-00083,AML,TM-04,Single Transaction Anomaly / Profile Outlier,MEDIUM,40.0,"Transaction TXN-0101817 of $9,865.59 is 5.2x larger than declared maximum single transaction ($1,900.00).","{""transaction_id"": ""TXN-0101817"", ""amount_usd"": 9865.59, ""declared_max_single_tx_usd"": 1900.0, ""multiplier"": 5.19, ""counterparty"": ""Branch Teller #105 - Cash Counter""}","[""TXN-0101815"", ""TXN-0101816"", ""TXN-0101817"", ""TXN-0101818"", ""TXN-0101819""]",OPEN,
ALT-CUCKOO-CUST-00083,CUST-00083,AML,TM-10,Cuckoo Smurfing & Hawala Third-Party Remittance Matching,HIGH,86.0,"Account received 5 unrelated inbound transfers totaling $46,486.40 from 4 distinct third-party remitters without commercial justification. Typology matches alternative remittance smurfing / Hawala integration.","{""deposit_count"": 5, ""total_inbound_usd"": 46486.4, ""remitters"": [""Branch Teller #105 - Cash Counter"", ""Branch Teller #101 - Cash Counter"", ""Branch Teller #108 - Cash Counter"", ""Branch Teller #109 - Cash Counter""]}","[""TXN-0101815"", ""TXN-0101816"", ""TXN-0101817"", ""TXN-0101818"", ""TXN-0101819""]",OPEN,
ALT-VOL-CUST-00084,CUST-00084,AML,TM-03,Turnover Profile Deviation / Unexpected Volume Spike,HIGH,65.0,"Actual monthly turnover ($139,853.80/mo) is 7.4x higher than declared expected turnover ($19,000.00/mo) across a 32-day monitoring window.","{""declared_monthly_usd"": 19000.0, ""actual_monthly_usd"": 139853.8, ""deviation_ratio"": 7.36, ""total_analyzed_volume_usd"": 149177.39}","[""TXN-0101837"", ""TXN-0101822"", ""TXN-0101834"", ""TXN-0101833"", ""TXN-0101838""]",OPEN,
ALT-CORR-BL-CUST-00084,CUST-00084,AML,TM-05A,FATF Blacklist / Comprehensive Sanctions Wire Activity,CRITICAL,95.0,"Identified 1 transaction(s) totaling $24,803.84 directly involving FATF Call for Action / Blacklist jurisdictions (MM).","{""count"": 1, ""total_usd"": 24803.84, ""jurisdictions"": [""MM""], ""counterparties"": [""Yangon Gemstones Trade Syndicate""]}","[""TXN-0101838""]",OPEN,
ALT-CORR-GL-CUST-00084,CUST-00084,AML,TM-05B,FATF Greylist / High Risk Third Country Corridor,HIGH,70.0,"Identified 2 transaction(s) totaling $57,797.96 involving FATF Greylist jurisdictions (YE).","{""count"": 2, ""total_usd"": 57797.96, ""jurisdictions"": [""YE""], ""counterparties"": [""Sana'a Humanitarian Transport Line"", ""Sana'a Humanitarian Transport Line""]}","[""TXN-0101835"", ""TXN-0101836""]",OPEN,
ALT-VOL-CUST-00086,CUST-00086,AML,TM-03,Turnover Profile Deviation (Moderate),MEDIUM,45.0,"Actual monthly turnover ($12,568.09/mo) exceeds declared profile ($4,700.00/mo) by 2.7x.","{""declared_monthly_usd"": 4700.0, ""actual_monthly_usd"": 12568.09, ""deviation_ratio"": 2.67}","[""TXN-0101870"", ""TXN-0101895"", ""TXN-0101896""]",OPEN,
ALT-VOL-CUST-00087,CUST-00087,AML,TM-03,Turnover Profile Deviation / Unexpected Volume Spike,HIGH,65.0,"Actual monthly turnover ($14,224.10/mo) is 5.5x higher than declared expected turnover ($2,600.00/mo) across a 30-day monitoring window.","{""declared_monthly_usd"": 2600.0, ""actual_monthly_usd"": 14224.1, ""deviation_ratio"": 5.47, ""total_analyzed_volume_usd"": 14224.1}","[""TXN-0101919"", ""TXN-0101918"", ""TXN-0101898"", ""TXN-0101899"", ""TXN-0101920""]",OPEN,
ALT-SPIKE-TXN-0101899,CUST-00087,AML,TM-04,Single Transaction Anomaly / Profile Outlier,MEDIUM,40.0,"Transaction TXN-0101899 of $5,275.70 is 6.6x larger than declared maximum single transaction ($800.00).","{""transaction_id"": ""TXN-0101899"", ""amount_usd"": 5275.7, ""declared_max_single_tx_usd"": 800.0, ""multiplier"": 6.59, ""counterparty"": ""State Pension Disbursing Agency""}","[""TXN-0101897"", ""TXN-0101899""]",OPEN,
ALT-VOL-CUST-00088,CUST-00088,AML,TM-03,Turnover Profile Deviation (Moderate),MEDIUM,45.0,"Actual monthly turnover ($23,562.93/mo) exceeds declared profile ($6,400.00/mo) by 3.7x.","{""declared_monthly_usd"": 6400.0, ""actual_monthly_usd"": 23562.93, ""deviation_ratio"": 3.68}","[""TXN-0101941"", ""TXN-0101923"", ""TXN-0101942""]",OPEN,
ALT-SPIKE-TXN-0101923,CUST-00088,AML,TM-04,Single Transaction Anomaly / Profile Outlier,MEDIUM,40.0,"Transaction TXN-0101923 of $8,279.73 is 4.1x larger than declared maximum single transaction ($2,000.00).","{""transaction_id"": ""TXN-0101923"", ""amount_usd"": 8279.73, ""declared_max_single_tx_usd"": 2000.0, ""multiplier"": 4.14, ""counterparty"": ""Allison Ltd Ltd""}","[""TXN-0101923""]",OPEN,
FR-ALT-CARD-TXN-0101943,CUST-00088,FRAUD,FR-02,Card Testing / Micro-Authorization Probing Attack,HIGH,88.0,"Detected 2 micro-authorization card probes (avg $1.17) immediately followed within 60 mins by $3,273.99 high-dollar CNP purchase attempt at 'Luxe High-End Electronics Direct' (Status: DECLINED_SUSPECTED_FRAUD).","{""micro_probes_count"": 2, ""probe_amounts"": [0.89, 1.45], ""drain_amount_usd"": 3273.99, ""drain_auth_status"": ""DECLINED_SUSPECTED_FRAUD"", ""drain_counterparty"": ""Luxe High-End Electronics Direct""}","[""TXN-0101943"", ""TXN-0101944"", ""TXN-0101945""]",OPEN,
ALT-VOL-CUST-00091,CUST-00091,AML,TM-03,Turnover Profile Deviation (Moderate),MEDIUM,45.0,"Actual monthly turnover ($18,831.28/mo) exceeds declared profile ($5,200.00/mo) by 3.6x.","{""declared_monthly_usd"": 5200.0, ""actual_monthly_usd"": 18831.28, ""deviation_ratio"": 3.62}","[""TXN-0101990"", ""TXN-0102013"", ""TXN-0102014""]",OPEN,
FR-ALT-SYNTH-CUST-00093,CUST-00093,FRAUD,FR-05,Synthetic Identity & Burner Contact Screening,CRITICAL,85.0,Applicant registered with disposable email domain (shannon95@throwawayinbox.com) and virtual VoIP number (+1-555-249-1104). Synthetic identity algorithm index: 89.3/100.,"{""synthetic_identity_score"": 89.3, ""email_domain_type"": ""DISPOSABLE_TEMP"", ""phone_line_type"": ""VOIP_VIRTUAL"", ""indicators"": [""Disposable temporary burner email domain (throwawayinbox.com)"", ""Virtual VoIP PBX phone number with no carrier subscriber record"", ""Synthetic Identity algorithm: SSN issue date conflicts with applicant birth year"", ""High velocity credit profile creation detected across regional bureau consortium""]}",[],OPEN,
ALT-VOL-CUST-00094,CUST-00094,AML,TM-03,Turnover Profile Deviation (Moderate),MEDIUM,45.0,"Actual monthly turnover ($24,158.45/mo) exceeds declared profile ($8,600.00/mo) by 2.8x.","{""declared_monthly_usd"": 8600.0, ""actual_monthly_usd"": 24158.45, ""deviation_ratio"": 2.81}","[""TXN-0102054"", ""TXN-0102076"", ""TXN-0102077""]",OPEN,
ALT-MULE-TXN-0102097,CUST-00095,AML,TM-02,Rapid Movement of Funds / Pass-Through Account (Money Mule),CRITICAL,80.0,"Inbound credit of $9,850.00 from 'Apex External Bank Link' immediately dissipated (97.8%) within 48 hours via 8 outbound transfer(s).","{""inflow_id"": ""TXN-0102097"", ""inflow_amount_usd"": 9850.0, ""outflow_total_usd"": 9633.1, ""drain_percentage"": 97.8, ""counterparties"": [""ATM Cash Out #4401 - Downtown 24h"", ""ATM Cash Out #4402 - Metro Center"", ""QuickCash Peer Transfer Account"", ""Local Pharmacy Healthcare"", ""Express Liquidity Transfer"", ""Uber Mobility"", ""Local Pharmacy Healthcare"", ""Whole Foods Market""]}","[""TXN-0102097"", ""TXN-0102098"", ""TXN-0102099"", ""TXN-0102100"", ""TXN-0102092"", ""TXN-0102101"", ""TXN-0102093"", ""TXN-0102094"", ""TXN-0102095""]",OPEN,
ALT-VOL-CUST-00095,CUST-00095,AML,TM-03,Turnover Profile Deviation / Unexpected Volume Spike,CRITICAL,80.0,"Actual monthly turnover ($26,381.91/mo) is 12.0x higher than declared expected turnover ($2,200.00/mo) across a 24-day monitoring window.","{""declared_monthly_usd"": 2200.0, ""actual_monthly_usd"": 26381.91, ""deviation_ratio"": 11.99, ""total_analyzed_volume_usd"": 26381.91}","[""TXN-0102095"", ""TXN-0102078"", ""TXN-0102079"", ""TXN-0102096"", ""TXN-0102080""]",OPEN,
ALT-SPIKE-TXN-0102097,CUST-00095,AML,TM-04,Single Transaction Anomaly / Profile Outlier,MEDIUM,40.0,"Transaction TXN-0102097 of $9,850.00 is 7.0x larger than declared maximum single transaction ($1,400.00).","{""transaction_id"": ""TXN-0102097"", ""amount_usd"": 9850.0, ""declared_max_single_tx_usd"": 1400.0, ""multiplier"": 7.04, ""counterparty"": ""Apex External Bank Link""}","[""TXN-0102097""]",OPEN,
FR-ALT-BUST-TXN-0102097,CUST-00095,FRAUD,FR-04,First-Party Bust-Out / Deposit Kiting Fraud,CRITICAL,90.0,"Inbound unverified deposit of $9,850.00 immediately drained (94.4%) within 48 hours via 4 rapid ATM/P2P cash extractions prior to fund settlement.","{""deposit_id"": ""TXN-0102097"", ""deposit_usd"": 9850.0, ""total_drain_usd"": 9300.0, ""drain_percentage"": 94.4, ""drains_count"": 4}","[""TXN-0102097"", ""TXN-0102098"", ""TXN-0102099"", ""TXN-0102100"", ""TXN-0102101""]",OPEN,
FR-ALT-OVP-TXN-0102097,CUST-00095,FRAUD,FR-11,Counterfeit Overpayment & Urgent Refund Scam,HIGH,86.0,"Customer received large inbound deposit of $9,850.00 from 'Apex External Bank Link', followed within 72h by urgent 'refund/overpayment' wire(s) totaling $9,300.00 (94.4%) to third-party accounts before clearing confirmation.","{""deposit_id"": ""TXN-0102097"", ""deposit_usd"": 9850.0, ""refund_total_usd"": 9300.0, ""refund_payees"": [""ATM Cash Out #4401 - Downtown 24h"", ""ATM Cash Out #4402 - Metro Center"", ""QuickCash Peer Transfer Account"", ""Express Liquidity Transfer""]}","[""TXN-0102097"", ""TXN-0102098"", ""TXN-0102099"", ""TXN-0102100"", ""TXN-0102101""]",OPEN,
ALT-VOL-CUST-00097,CUST-00097,AML,TM-03,Turnover Profile Deviation / Unexpected Volume Spike,HIGH,65.0,"Actual monthly turnover ($232,301.70/mo) is 9.5x higher than declared expected turnover ($24,400.00/mo) across a 30-day monitoring window.","{""declared_monthly_usd"": 24400.0, ""actual_monthly_usd"": 232301.7, ""deviation_ratio"": 9.52, ""total_analyzed_volume_usd"": 232301.7}","[""TXN-0102138"", ""TXN-0102120"", ""TXN-0102142"", ""TXN-0102121"", ""TXN-0102143""]",OPEN,
ALT-SPIKE-TXN-0102142,CUST-00097,AML,TM-04,Single Transaction Anomaly / Profile Outlier,MEDIUM,40.0,"Transaction TXN-0102142 of $72,583.61 is 6.3x larger than declared maximum single transaction ($11,600.00).","{""transaction_id"": ""TXN-0102142"", ""amount_usd"": 72583.61, ""declared_max_single_tx_usd"": 11600.0, ""multiplier"": 6.26, ""counterparty"": ""Tehran General Mercantile Co""}","[""TXN-0102140"", ""TXN-0102142""]",OPEN,
ALT-CORR-BL-CUST-00097,CUST-00097,AML,TM-05A,FATF Blacklist / Comprehensive Sanctions Wire Activity,CRITICAL,95.0,"Identified 2 transaction(s) totaling $89,120.62 directly involving FATF Call for Action / Blacklist jurisdictions (IR).","{""count"": 2, ""total_usd"": 89120.62, ""jurisdictions"": [""IR""], ""counterparties"": [""Tehran General Mercantile Co"", ""Tehran General Mercantile Co""]}","[""TXN-0102142"", ""TXN-0102143""]",OPEN,
ALT-MULE-TXN-0102161,CUST-00098,AML,TM-02,Rapid Movement of Funds / Pass-Through Account (Money Mule),CRITICAL,80.0,"Inbound credit of $41,321.07 from 'Apex Global Consulting FZE' immediately dissipated (93.8%) within 48 hours via 1 outbound transfer(s).","{""inflow_id"": ""TXN-0102161"", ""inflow_amount_usd"": 41321.07, ""outflow_total_usd"": 38741.45, ""drain_percentage"": 93.8, ""counterparties"": [""Binance P2P / Virtual Asset Ramp""]}","[""TXN-0102161"", ""TXN-0102162""]",OPEN,
ALT-VOL-CUST-00098,CUST-00098,AML,TM-03,Turnover Profile Deviation / Unexpected Volume Spike,CRITICAL,80.0,"Actual monthly turnover ($83,485.32/mo) is 75.9x higher than declared expected turnover ($1,100.00/mo) across a 25-day monitoring window.","{""declared_monthly_usd"": 1100.0, ""actual_monthly_usd"": 83485.32, ""deviation_ratio"": 75.9, ""total_analyzed_volume_usd"": 83485.32}","[""TXN-0102144"", ""TXN-0102161"", ""TXN-0102162"", ""TXN-0102145"", ""TXN-0102146""]",OPEN,
ALT-SPIKE-TXN-0102161,CUST-00098,AML,TM-04,Single Transaction Anomaly / Profile Outlier,HIGH,60.0,"Transaction TXN-0102161 of $41,321.07 is 103.3x larger than declared maximum single transaction ($400.00).","{""transaction_id"": ""TXN-0102161"", ""amount_usd"": 41321.07, ""declared_max_single_tx_usd"": 400.0, ""multiplier"": 103.3, ""counterparty"": ""Apex Global Consulting FZE""}","[""TXN-0102161"", ""TXN-0102162""]",OPEN,
ALT-CORR-GL-CUST-00098,CUST-00098,AML,TM-05B,FATF Greylist / High Risk Third Country Corridor,HIGH,70.0,"Identified 5 transaction(s) totaling $3,422.80 involving FATF Greylist jurisdictions (NG).","{""count"": 5, ""total_usd"": 3422.8, ""jurisdictions"": [""NG""], ""counterparties"": [""Local Pharmacy Healthcare"", ""City Power & Water"", ""State Pension Disbursing Agency"", ""Metropolitan Residential Property Management"", ""State Pension Disbursing Agency""]}","[""TXN-0102147"", ""TXN-0102148"", ""TXN-0102144"", ""TXN-0102145"", ""TXN-0102146""]",OPEN,
ALT-VOL-CUST-00100,CUST-00100,AML,TM-03,Turnover Profile Deviation / Unexpected Volume Spike,HIGH,65.0,"Actual monthly turnover ($30,333.13/mo) is 9.8x higher than declared expected turnover ($3,100.00/mo) across a 30-day monitoring window.","{""declared_monthly_usd"": 3100.0, ""actual_monthly_usd"": 30333.13, ""deviation_ratio"": 9.78, ""total_analyzed_volume_usd"": 30333.13}","[""TXN-0102210"", ""TXN-0102214"", ""TXN-0102191"", ""TXN-0102211"", ""TXN-0102212""]",OPEN,
ALT-SPIKE-TXN-0102214,CUST-00100,AML,TM-04,Single Transaction Anomaly / Profile Outlier,MEDIUM,40.0,"Transaction TXN-0102214 of $9,800.00 is 7.0x larger than declared maximum single transaction ($1,400.00).","{""transaction_id"": ""TXN-0102214"", ""amount_usd"": 9800.0, ""declared_max_single_tx_usd"": 1400.0, ""multiplier"": 7.0, ""counterparty"": ""VIP Capital Liquidators Escrow""}","[""TXN-0102213"", ""TXN-0102214""]",OPEN,
FR-ALT-SCAM-CUST-00100,CUST-00100,FRAUD,FR-03,Authorized Push Payment (APP) / Investment & Impersonation Scam,HIGH,85.0,"Customer initiated 2 rapid transfers totaling $16,300.00 to brand new unverified payees (Global Alpha Arbitrage Pool Ltd, VIP Capital Liquidators Escrow) with high-risk investment/scam narratives. Strong indicator of customer manipulation/coercion.","{""count"": 2, ""total_scam_usd"": 16300.0, ""counterparties"": [""Global Alpha Arbitrage Pool Ltd"", ""VIP Capital Liquidators Escrow""], ""narratives"": [""Urgent guaranteed return investment enrollment ref #9981"", ""Top-up balance to release guaranteed trade profits""]}","[""TXN-0102213"", ""TXN-0102214""]",OPEN,
